date,temperature,max_temperature,min_temperature,precipitation,humidity,wind_speed,solar_radiation
2020-01-01,14.05,17.98,10.91,0.11,67.1,2.32,2.2164
2020-01-02,13.12,16.76,10.2,4.44,71.29,4.61,2.4156
2020-01-03,12.53,14.96,8.9,9.42,74.32,6.38,1.8235
2020-01-04,14.71,17.44,12.69,3.11,69.15,4.22,2.6834
2020-01-05,13.88,17.99,10.57,0.21,68.32,4.25,2.7845
2020-01-06,13.33,18.27,9.84,3.03,66.16,6.89,2.1401
2020-01-07,11.83,14.64,8.61,4.2,75.63,6.57,2.2733
2020-01-08,13.34,16.51,10.71,6.19,73.46,6.18,2.2615
2020-01-09,13.18,15.49,11.99,15.08,74.9,5.02,2.4206
2020-01-10,14.23,17.28,12.34,3.1,72.67,4.13,3.0403
2020-01-11,14.15,18.28,11.23,0.02,70.51,1.53,2.0602
2020-01-12,14.39,19.21,11.66,0.03,67.69,1.99,3.4872
2020-01-13,14.24,19.05,11.48,0.01,69.18,1.54,3.8035
2020-01-14,14.55,18.59,11.67,1.45,75.76,1.83,2.113
2020-01-15,16.07,20.7,13.22,1.21,75.58,4.33,1.6553
2020-01-16,14.32,17.58,10.62,0.2,76.19,4.43,2.3208
2020-01-17,15.03,17.87,13.1,6.1,80.36,4.49,2.172
2020-01-18,14.73,17.58,13.24,6.41,75.97,3.29,2.1406
2020-01-19,14.1,15.66,12.57,2.41,76.75,3.6,2.3443
2020-01-20,14.54,16.94,12.54,0.21,66.8,4.7,2.9374
2020-01-21,13.76,16.43,11.55,0.48,61.56,4.92,2.485
2020-01-22,13.23,17.18,10.13,0.28,65.21,3.56,3.3766
2020-01-23,13.64,16.71,9.95,0.4,71.16,3.38,3.461
2020-01-24,13.71,16.1,9.94,0.08,62.74,4.79,3.2506
2020-01-25,12.25,16.81,9.03,0.01,68.46,2.1,3.0907
2020-01-26,12.0,17.14,8.0,0.0,72.38,1.64,2.945
2020-01-27,12.57,17.7,8.88,0.0,77.13,1.66,3.197
2020-01-28,13.93,18.71,10.87,0.05,77.83,2.38,3.8167
2020-01-29,14.59,19.3,11.36,0.05,76.16,2.82,3.9017
2020-01-30,13.81,18.86,9.63,0.02,74.98,3.04,4.2048
2020-01-31,14.28,18.87,9.99,0.01,73.6,3.4,4.4374
2020-02-01,13.62,18.49,10.03,0.0,73.13,2.7,3.5734
2020-02-02,14.69,19.24,12.12,0.0,66.64,1.47,3.7118
2020-02-03,14.75,19.34,12.0,0.0,74.74,1.8,4.0238
2020-02-04,15.1,19.67,11.9,0.0,76.49,2.59,3.9703
2020-02-05,15.22,21.52,9.93,0.03,66.39,4.86,3.9521
2020-02-06,13.72,18.4,10.04,0.0,58.72,4.76,4.3262
2020-02-07,12.84,16.06,9.69,3.21,66.8,5.54,2.9448
2020-02-08,13.19,16.37,11.09,3.37,65.31,4.83,3.3636
2020-02-09,11.98,15.23,9.51,0.53,62.73,4.93,3.239
2020-02-10,12.6,14.46,10.75,0.14,64.08,4.19,2.519
2020-02-11,13.91,17.03,11.46,0.21,74.84,2.99,2.5805
2020-02-12,15.17,21.13,10.37,0.0,67.28,2.89,4.6222
2020-02-13,15.08,21.82,10.08,0.01,78.85,2.27,4.565
2020-02-14,14.43,19.58,10.98,0.05,88.8,2.38,1.615
2020-02-15,15.55,21.78,11.62,0.28,79.33,1.58,4.1904
2020-02-16,14.93,18.83,12.02,0.9,78.28,3.54,4.4472
2020-02-17,14.7,19.11,11.93,1.44,75.69,2.66,3.5837
2020-02-18,13.62,17.35,10.89,1.39,77.5,1.68,3.3562
2020-02-19,13.55,17.54,10.5,2.02,79.36,3.5,4.4208
2020-02-20,14.0,19.23,9.2,0.01,72.48,2.69,3.4188
2020-02-21,14.15,18.2,10.37,0.68,72.39,4.64,3.474
2020-02-22,14.17,18.06,10.64,0.33,68.42,3.31,2.881
2020-02-23,12.97,17.08,10.39,6.07,72.45,1.79,2.526
2020-02-24,12.49,15.6,10.49,3.79,79.1,2.05,4.3591
2020-02-25,14.11,19.12,10.43,0.07,78.19,3.31,4.8559
2020-02-26,15.5,22.01,9.59,0.01,70.77,1.89,5.1806
2020-02-27,16.78,23.22,10.37,0.0,61.54,2.17,4.296
2020-02-28,16.53,23.43,11.43,0.0,67.37,3.21,5.1461
2020-02-29,15.1,19.08,11.71,0.04,70.42,5.15,4.441
2020-03-01,14.25,18.99,11.0,0.0,66.23,3.5,3.8738
2020-03-02,14.4,20.17,10.54,0.0,68.01,1.94,5.2418
2020-03-03,14.68,22.58,8.14,0.04,72.95,2.8,5.7024
2020-03-04,16.82,25.3,9.41,0.05,63.09,1.71,5.2073
2020-03-05,17.24,24.03,11.09,0.01,57.95,3.38,4.5319
2020-03-06,15.02,19.33,12.31,2.47,76.65,4.01,3.6785
2020-03-07,16.47,23.14,11.94,0.02,69.14,1.7,6.0425
2020-03-08,16.8,25.01,10.65,0.95,71.71,3.63,6.0948
2020-03-09,16.91,27.16,11.69,1.22,72.02,4.35,5.5034
2020-03-10,15.19,20.83,11.14,0.02,70.19,2.63,5.778
2020-03-11,15.22,21.25,10.88,4.16,73.69,4.43,4.4561
2020-03-12,15.82,18.66,13.92,32.11,84.01,4.89,0.6542
2020-03-13,16.6,19.01,15.19,26.48,88.62,6.54,2.9844
2020-03-14,17.54,22.52,13.27,0.6,81.91,3.14,5.755
2020-03-15,17.52,24.79,10.54,0.02,68.37,1.88,5.8284
2020-03-16,17.5,24.02,13.14,0.01,70.61,2.35,5.8171
2020-03-17,14.47,17.58,12.54,0.43,68.54,6.04,3.9439
2020-03-18,14.74,18.73,11.24,0.0,60.83,5.05,5.549
2020-03-19,13.55,17.21,10.75,0.01,61.78,5.29,5.3902
2020-03-20,13.23,16.64,10.58,0.52,63.28,5.46,4.5019
2020-03-21,13.63,18.46,10.29,0.02,62.62,2.72,6.4718
2020-03-22,14.22,21.29,6.66,0.08,61.3,2.06,6.1284
2020-03-23,16.68,25.34,10.67,0.0,61.17,3.76,5.2661
2020-03-24,15.87,21.92,11.41,0.01,78.71,2.67,5.6818
2020-03-25,16.19,22.45,10.99,0.04,76.04,2.26,5.4442
2020-03-26,17.42,23.46,13.09,0.86,69.0,3.29,2.9239
2020-03-27,17.56,23.72,12.77,0.0,77.06,3.52,5.5649
2020-03-28,15.68,20.81,11.68,0.0,67.44,3.57,6.5467
2020-03-29,16.93,24.56,10.26,0.0,56.11,3.54,6.6329
2020-03-30,19.51,28.03,12.23,0.0,47.39,3.52,4.6596
2020-03-31,18.15,22.39,14.85,0.0,64.22,5.77,6.1603
2020-04-01,17.27,21.84,13.15,0.0,74.38,3.82,6.6151
2020-04-02,17.01,22.84,11.77,0.0,66.29,2.07,6.599
2020-04-03,19.51,27.82,11.74,0.0,58.18,2.28,6.3804
2020-04-04,21.92,29.71,14.04,0.0,46.63,4.78,5.3662
2020-04-05,18.5,22.15,14.79,0.0,67.38,4.91,5.574
2020-04-06,17.1,22.42,13.33,0.01,69.18,2.82,6.2263
2020-04-07,16.33,21.49,12.2,0.0,67.2,2.62,6.8443
2020-04-08,16.57,20.95,13.46,0.02,68.66,2.18,6.738
2020-04-09,16.13,20.57,12.62,0.05,72.14,3.38,6.3751
2020-04-10,15.67,19.86,12.43,0.08,71.31,4.0,5.8152
2020-04-11,16.88,22.39,12.63,0.0,64.58,2.56,7.2012
2020-04-12,17.82,24.04,13.21,0.0,62.65,1.88,7.3918
2020-04-13,17.56,24.3,12.6,0.0,66.84,2.05,6.7589
2020-04-14,17.51,23.88,12.09,0.0,63.68,2.27,7.5869
2020-04-15,19.15,27.3,10.7,0.0,56.89,2.09,5.7684
2020-04-16,18.26,22.59,15.01,0.0,66.71,5.35,6.1013
2020-04-17,18.39,23.59,14.5,0.0,72.14,4.36,7.0718
2020-04-18,18.93,25.46,13.75,0.0,72.33,3.33,7.2048
2020-04-19,18.7,25.57,13.62,0.0,70.72,3.17,7.5
2020-04-20,18.73,25.38,12.67,0.0,66.18,2.2,7.2365
2020-04-21,22.39,31.23,14.37,0.0,52.97,1.95,7.0802
2020-04-22,20.82,28.0,16.17,20.32,59.7,4.42,6.7447
2020-04-23,19.16,24.55,14.33,10.8,72.98,2.68,7.0255
2020-04-24,18.82,24.89,14.95,23.53,76.28,5.21,5.5822
2020-04-25,17.27,20.9,14.82,35.66,76.44,4.36,6.4903
2020-04-26,17.82,22.39,14.6,2.26,69.18,2.51,7.5322
2020-04-27,18.57,23.9,13.22,0.0,72.96,1.7,4.1573
2020-04-28,18.2,23.87,13.93,0.0,76.23,3.13,7.5672
2020-04-29,17.36,22.87,12.9,0.0,73.55,2.66,7.5002
2020-04-30,19.27,27.11,13.02,0.0,69.42,2.1,6.7848
2020-05-01,20.37,26.94,15.24,0.0,67.86,2.59,7.4525
2020-05-02,18.55,24.49,13.96,0.0,75.39,2.49,7.4652
2020-05-03,19.4,25.55,13.51,0.0,72.66,3.09,7.6855
2020-05-04,20.09,26.59,14.14,0.0,70.69,2.94,7.6416
2020-05-05,18.7,21.74,15.74,0.0,72.86,5.03,7.2965
2020-05-06,19.13,23.91,15.41,0.0,67.19,3.41,7.7719
2020-05-07,20.46,28.62,12.66,0.0,56.36,2.19,7.8878
2020-05-08,20.89,29.4,15.35,0.05,62.2,4.98,4.823
2020-05-09,19.92,24.9,15.53,0.02,72.78,4.89,7.667
2020-05-10,19.15,25.29,14.45,0.0,68.03,2.72,8.0539
2020-05-11,20.64,28.7,13.84,0.0,65.16,2.11,6.9473
2020-05-12,22.05,30.88,14.67,0.0,63.29,2.57,7.6459
2020-05-13,22.07,29.22,15.66,0.0,61.91,2.19,6.8386
2020-05-14,23.15,31.36,17.31,0.0,67.63,2.57,7.7918
2020-05-15,24.88,33.37,17.84,0.0,65.97,3.85,7.615
2020-05-16,25.87,34.42,19.31,0.0,63.97,3.72,7.7165
2020-05-17,26.52,35.2,19.4,0.0,65.51,3.51,7.8038
2020-05-18,27.25,36.9,19.87,0.0,64.73,3.83,7.7561
2020-05-19,28.53,38.69,19.71,0.0,56.79,3.0,7.878
2020-05-20,29.52,39.49,20.99,0.0,44.73,3.16,7.7724
2020-05-21,26.77,37.31,20.3,0.0,58.63,3.37,6.2866
2020-05-22,23.25,28.08,19.89,0.0,68.21,4.68,7.477
2020-05-23,21.8,25.63,18.97,0.0,62.15,5.73,7.8326
2020-05-24,20.93,24.42,17.37,0.0,53.65,6.31,8.0014
2020-05-25,21.18,26.81,15.77,0.0,58.79,3.34,8.1098
2020-05-26,22.02,28.89,16.2,0.0,63.83,2.66,7.6591
2020-05-27,21.35,27.23,16.75,0.0,70.97,3.65,7.3738
2020-05-28,21.1,26.54,16.6,0.0,63.44,3.49,8.0441
2020-05-29,20.66,26.05,16.12,0.0,59.35,2.75,8.0784
2020-05-30,20.61,26.84,15.8,0.0,56.22,2.43,8.2502
2020-05-31,22.01,29.4,14.93,0.0,55.64,3.02,7.8907
2020-06-01,24.86,33.43,17.0,0.02,51.89,4.55,7.116
2020-06-02,22.38,27.22,18.31,0.0,66.41,4.4,7.8242
2020-06-03,22.3,27.94,17.48,0.0,61.71,2.8,7.9798
2020-06-04,22.72,29.0,17.86,0.0,58.92,3.05,8.1881
2020-06-05,22.75,29.67,16.2,0.0,58.74,3.23,8.3885
2020-06-06,25.25,33.98,15.61,0.0,49.38,1.99,6.8424
2020-06-07,25.57,34.67,20.15,0.0,54.0,3.56,7.6231
2020-06-08,23.08,29.01,18.71,0.0,67.77,3.49,8.2625
2020-06-09,24.59,31.45,18.28,0.0,59.38,2.05,7.5991
2020-06-10,26.18,34.29,19.26,0.0,54.1,3.23,7.7489
2020-06-11,25.5,31.95,19.47,0.0,59.19,3.4,7.8218
2020-06-12,27.83,34.65,20.87,0.0,46.4,2.0,7.1822
2020-06-13,25.4,31.54,20.18,0.0,54.41,3.52,8.0878
2020-06-14,23.76,29.17,19.02,0.0,60.97,2.91,8.0878
2020-06-15,25.69,32.03,19.25,0.0,54.05,2.62,8.3489
2020-06-16,28.52,37.53,19.82,0.0,41.03,2.56,7.7568
2020-06-17,26.88,34.85,21.96,0.0,50.73,4.68,7.7755
2020-06-18,24.67,29.54,20.59,0.0,65.91,4.89,7.943
2020-06-19,25.0,30.2,20.45,0.0,66.61,4.68,7.8986
2020-06-20,25.95,31.51,20.77,0.04,61.04,3.89,8.0155
2020-06-21,27.83,38.22,20.5,0.0,47.77,4.5,7.5934
2020-06-22,25.48,31.14,20.72,0.0,61.37,3.91,8.2183
2020-06-23,26.14,32.9,20.25,0.0,59.05,2.6,8.1605
2020-06-24,25.3,31.28,20.76,0.0,62.95,3.03,8.1406
2020-06-25,25.03,30.84,20.33,0.0,66.43,3.65,8.009
2020-06-26,25.97,31.61,21.78,0.0,68.13,4.06,7.7527
2020-06-27,26.52,33.03,20.77,0.0,68.9,3.5,6.6617
2020-06-28,26.5,32.75,21.28,0.0,65.95,3.67,7.9154
2020-06-29,25.93,31.98,20.94,0.0,65.0,3.6,8.2901
2020-06-30,25.58,31.27,20.07,0.0,62.26,3.75,8.2913
2020-07-01,27.05,34.15,20.63,0.0,65.71,2.93,8.1442
2020-07-02,27.8,35.26,21.75,0.0,65.46,3.24,7.2084
2020-07-03,28.17,35.39,21.72,0.0,61.89,3.05,7.9637
2020-07-04,28.12,35.34,22.02,0.0,65.08,3.03,7.9418
2020-07-05,27.99,34.62,22.05,0.0,62.96,3.75,8.0494
2020-07-06,28.67,34.97,22.37,0.0,57.44,3.21,7.6512
2020-07-07,28.16,35.0,23.01,0.0,58.25,2.56,7.5785
2020-07-08,27.5,32.6,23.54,0.0,63.81,3.08,7.4592
2020-07-09,27.26,31.96,23.03,0.0,68.46,3.43,6.0612
2020-07-10,28.22,34.31,23.03,0.0,65.47,3.32,7.4525
2020-07-11,27.4,33.65,22.99,0.0,64.87,3.64,7.9853
2020-07-12,26.53,32.24,21.74,0.0,68.69,3.72,7.837
2020-07-13,26.79,32.56,21.71,0.0,66.15,3.33,7.813
2020-07-14,27.32,34.4,21.91,0.0,63.95,2.62,7.7155
2020-07-15,26.77,32.82,22.2,0.0,66.59,3.54,7.4784
2020-07-16,25.71,30.65,21.52,0.0,62.72,4.33,7.8336
2020-07-17,26.64,31.8,22.27,0.0,60.14,4.33,7.9858
2020-07-18,26.6,32.24,21.66,0.0,59.74,3.47,7.9718
2020-07-19,26.73,33.35,21.11,0.0,59.83,3.14,7.9954
2020-07-20,26.95,33.84,21.25,0.0,61.6,3.14,8.1319
2020-07-21,27.08,32.7,22.18,0.0,65.39,4.28,7.967
2020-07-22,27.65,33.17,23.23,0.0,64.96,4.93,7.7971
2020-07-23,27.97,33.8,23.33,0.0,62.93,4.38,7.4628
2020-07-24,27.77,34.16,22.32,0.0,60.57,3.31,8.0213
2020-07-25,27.32,34.02,21.44,0.0,62.29,2.72,7.8636
2020-07-26,27.29,33.99,21.85,0.0,62.9,2.8,7.961
2020-07-27,27.28,34.1,21.72,0.0,65.02,3.23,7.8319
2020-07-28,27.71,33.58,22.53,0.0,62.7,3.8,7.813
2020-07-29,27.81,33.95,22.45,0.0,65.38,3.17,7.375
2020-07-30,28.37,34.87,23.31,0.0,66.3,3.58,7.3337
2020-07-31,29.27,35.75,23.93,0.0,62.95,3.72,7.2324
2020-08-01,28.24,34.36,23.26,0.0,61.31,3.47,7.8857
2020-08-02,28.33,35.23,21.93,0.0,70.13,3.64,7.4424
2020-08-03,29.38,35.9,23.8,0.0,64.42,3.3,7.4206
2020-08-04,28.78,35.09,23.83,0.0,61.04,3.05,7.2569
2020-08-05,28.0,33.61,23.13,0.0,59.67,3.57,7.6495
2020-08-06,28.64,35.67,23.21,0.0,64.19,2.96,7.5079
2020-08-07,29.6,37.45,23.54,0.0,66.0,3.34,7.4736
2020-08-08,28.88,35.23,24.33,0.0,65.51,3.92,7.11
2020-08-09,27.96,33.24,23.98,0.0,64.53,3.68,7.2494
2020-08-10,28.39,33.8,24.25,0.0,63.95,3.42,7.2905
2020-08-11,28.24,33.17,24.42,0.0,64.13,3.55,6.5837
2020-08-12,28.09,33.4,23.83,0.0,58.23,3.33,7.4194
2020-08-13,28.17,34.4,23.16,0.0,61.9,3.33,7.367
2020-08-14,28.66,35.19,23.54,0.0,63.25,3.63,7.2026
2020-08-15,28.56,35.22,23.31,0.0,63.58,3.29,7.1506
2020-08-16,28.84,35.94,23.39,0.0,59.8,3.17,7.5523
2020-08-17,28.31,34.62,23.39,0.0,62.6,3.84,7.255
2020-08-18,27.85,33.25,23.99,0.0,58.98,4.21,7.3301
2020-08-19,27.19,32.33,23.14,0.0,61.5,3.47,7.3879
2020-08-20,27.95,34.15,22.85,0.0,63.86,3.08,7.087
2020-08-21,27.68,33.18,22.83,0.0,66.08,4.27,7.3159
2020-08-22,28.31,33.39,24.42,0.0,64.82,4.25,6.9564
2020-08-23,28.44,34.65,23.61,0.0,64.12,3.36,7.3469
2020-08-24,28.67,35.3,23.49,0.0,64.0,2.83,6.9785
2020-08-25,28.35,35.05,23.38,0.0,62.07,2.7,7.1647
2020-08-26,27.66,34.06,23.19,0.0,59.93,2.76,7.079
2020-08-27,27.29,32.43,22.96,0.0,66.74,3.65,6.6833
2020-08-28,28.12,34.09,23.84,0.0,64.26,3.57,6.8246
2020-08-29,28.21,34.95,23.33,0.0,66.7,2.8,6.595
2020-08-30,28.83,35.92,23.64,0.0,65.46,2.89,6.8237
2020-08-31,28.47,34.81,23.82,0.0,64.36,3.49,6.9811
2020-09-01,28.52,35.16,23.38,0.0,60.93,3.13,6.9667
2020-09-02,28.23,35.27,22.53,0.0,67.81,2.64,6.8359
2020-09-03,27.88,34.84,22.65,0.0,67.87,2.55,6.391
2020-09-04,29.34,36.52,24.1,0.0,68.05,3.71,6.2904
2020-09-05,28.67,35.02,24.76,0.0,64.68,4.34,6.227
2020-09-06,28.02,33.51,23.97,0.0,62.3,3.7,6.0499
2020-09-07,27.72,33.63,23.65,0.0,68.21,3.31,5.9309
2020-09-08,27.73,33.52,23.46,0.0,68.13,3.56,6.4361
2020-09-09,27.62,33.36,23.07,0.0,68.48,3.92,6.1548
2020-09-10,27.84,33.79,24.31,0.0,67.07,3.02,5.779
2020-09-11,28.05,34.1,23.27,0.0,65.21,3.28,6.0614
2020-09-12,28.43,35.09,23.53,0.0,63.94,2.63,6.1793
2020-09-13,28.02,34.87,23.27,0.0,66.15,2.65,6.1678
2020-09-14,27.1,33.0,23.32,0.0,67.33,2.94,6.3202
2020-09-15,26.87,32.77,22.48,0.0,63.81,3.0,6.1613
2020-09-16,27.71,33.94,23.3,0.0,67.02,3.37,6.1289
2020-09-17,27.95,35.09,23.05,0.0,70.1,3.02,6.2119
2020-09-18,29.1,36.75,23.34,0.0,66.46,3.39,5.9107
2020-09-19,28.37,34.75,23.75,0.0,66.04,3.77,5.9642
2020-09-20,28.26,34.37,23.35,0.0,55.58,2.97,6.0302
2020-09-21,28.01,34.25,22.93,0.0,57.68,2.95,5.6323
2020-09-22,27.59,32.5,24.29,0.0,64.24,3.8,5.6292
2020-09-23,26.7,31.55,23.56,0.0,62.23,3.26,5.4636
2020-09-24,26.68,31.78,23.08,0.0,66.11,3.67,5.8495
2020-09-25,27.49,33.49,23.0,0.0,67.82,3.12,5.6225
2020-09-26,26.97,33.1,22.65,0.0,60.82,2.3,5.8349
2020-09-27,27.95,36.65,21.2,0.0,59.31,3.17,5.0933
2020-09-28,29.34,38.07,23.02,0.0,59.87,3.32,5.6304
2020-09-29,29.12,37.76,23.63,0.0,68.06,2.71,5.3791
2020-09-30,27.55,34.3,22.85,0.0,70.79,3.34,5.2243
2020-10-01,26.23,31.75,22.82,0.0,63.98,3.12,5.5366
2020-10-02,25.82,31.44,22.29,0.0,62.32,2.1,5.6774
2020-10-03,25.73,32.1,21.82,0.0,62.93,2.26,5.4574
2020-10-04,26.51,32.41,22.92,0.0,62.36,2.25,5.5646
2020-10-05,26.51,33.29,22.13,0.0,65.75,2.58,5.6112
2020-10-06,26.9,34.73,21.25,0.0,61.58,2.56,5.6431
2020-10-07,27.86,36.07,22.34,0.0,60.53,2.69,5.4761
2020-10-08,27.77,36.25,21.57,0.0,68.04,2.83,5.5795
2020-10-09,26.61,33.0,22.06,0.0,71.72,3.18,5.1502
2020-10-10,25.93,31.19,22.53,0.0,67.66,3.15,5.0338
2020-10-11,25.2,30.47,21.78,0.0,63.07,2.62,5.1614
2020-10-12,24.76,29.75,21.95,0.0,63.08,2.02,4.8218
2020-10-13,25.37,31.53,21.89,0.0,56.93,1.57,5.1074
2020-10-14,25.52,32.94,19.44,0.0,64.29,2.42,5.0938
2020-10-15,25.59,31.33,21.97,0.0,70.76,2.72,4.5641
2020-10-16,24.23,30.26,20.38,0.0,65.22,2.66,5.1593
2020-10-17,24.36,31.39,19.57,0.0,64.59,2.57,5.1235
2020-10-18,25.15,32.75,20.06,0.0,61.09,2.37,4.7057
2020-10-19,25.49,32.78,19.38,0.07,70.15,3.46,4.7018
2020-10-20,26.82,33.34,22.1,0.19,62.78,3.47,4.6687
2020-10-21,25.4,31.0,21.37,0.55,66.65,2.55,3.5465
2020-10-22,25.06,30.48,21.45,0.73,64.29,2.71,2.9892
2020-10-23,24.57,29.67,21.38,0.17,62.77,2.35,3.3612
2020-10-24,23.59,28.22,20.5,0.2,59.4,2.66,3.9974
2020-10-25,24.25,29.27,20.67,0.06,61.21,2.49,4.2578
2020-10-26,24.78,29.58,21.63,0.08,67.54,2.81,4.1484
2020-10-27,23.93,28.37,20.79,0.13,67.65,3.07,3.9696
2020-10-28,23.77,29.38,20.35,0.0,66.89,2.24,4.2118
2020-10-29,23.71,30.16,18.65,0.0,68.02,2.33,4.6282
2020-10-30,23.87,28.32,20.75,0.0,62.9,2.98,4.0032
2020-10-31,23.27,27.32,20.98,0.37,66.64,3.12,4.0824
2020-11-01,22.58,26.39,20.14,0.23,63.61,3.15,4.02
2020-11-02,22.18,26.6,19.3,0.22,63.17,3.11,4.0109
2020-11-03,22.16,25.9,19.5,0.48,59.94,3.17,3.3343
2020-11-04,22.98,26.41,20.77,2.34,61.97,4.6,2.8099
2020-11-05,22.15,24.88,20.22,0.63,58.38,5.36,3.5986
2020-11-06,21.87,25.7,19.5,2.02,59.78,2.83,2.8308
2020-11-07,21.46,25.33,18.89,8.59,67.07,1.78,3.0758
2020-11-08,20.37,23.48,18.36,7.41,72.15,2.04,2.971
2020-11-09,20.56,25.13,16.26,0.77,71.19,2.39,3.8294
2020-11-10,20.6,24.56,17.76,1.61,72.03,3.5,2.9059
2020-11-11,20.07,24.32,16.68,0.37,65.79,2.59,3.6281
2020-11-12,20.91,25.2,17.44,0.33,65.66,2.24,3.5722
2020-11-13,21.88,26.59,19.25,0.06,67.74,1.62,3.7908
2020-11-14,20.67,24.04,18.28,3.5,73.76,3.74,3.3209
2020-11-15,19.76,23.05,17.2,0.27,65.93,4.25,3.2818
2020-11-16,19.99,24.01,16.8,0.38,64.15,3.59,3.6506
2020-11-17,19.21,23.63,16.56,0.05,65.84,2.6,3.1229
2020-11-18,19.27,24.24,15.84,0.03,67.14,2.38,3.7346
2020-11-19,19.34,23.51,16.79,0.26,70.51,3.0,2.7341
2020-11-20,17.59,19.5,16.65,9.93,74.93,4.18,1.9694
2020-11-21,18.69,22.19,16.33,1.8,67.98,3.6,3.186
2020-11-22,19.21,23.51,16.54,0.1,70.4,2.26,3.277
2020-11-23,19.19,22.83,16.11,0.29,77.82,2.91,1.745
2020-11-24,19.85,23.53,17.38,0.39,74.28,2.11,1.8898
2020-11-25,18.35,20.56,17.12,7.32,77.07,3.85,1.4844
2020-11-26,18.87,21.57,16.95,1.16,66.68,3.24,3.0175
2020-11-27,18.25,20.72,16.37,0.39,65.24,1.13,1.6663
2020-11-28,17.5,21.61,14.49,0.05,68.72,2.38,3.2858
2020-11-29,18.3,22.04,16.08,0.01,63.8,1.42,3.431
2020-11-30,17.23,22.61,11.82,0.0,55.07,2.02,3.5758
2020-12-01,16.65,22.46,12.28,0.01,64.32,2.57,3.2686
2020-12-02,17.62,22.31,14.06,0.01,63.95,1.26,3.4066
2020-12-03,18.19,23.14,13.01,0.0,56.66,1.63,3.3187
2020-12-04,16.87,21.91,12.43,0.0,60.96,2.14,2.903
2020-12-05,17.65,22.07,14.16,0.04,61.2,2.32,3.1015
2020-12-06,17.37,23.02,12.11,0.0,52.36,1.86,3.6283
2020-12-07,17.6,24.16,13.53,0.1,55.74,4.3,3.083
2020-12-08,17.95,22.63,15.44,0.01,69.82,2.92,3.3713
2020-12-09,17.04,21.98,14.11,0.0,62.22,1.64,3.4704
2020-12-10,16.39,22.29,10.85,0.01,62.63,1.64,3.4776
2020-12-11,16.36,23.2,11.23,0.0,54.55,2.12,3.2359
2020-12-12,16.28,21.3,11.55,0.0,60.02,2.45,2.7689
2020-12-13,17.92,25.06,12.67,0.0,53.59,2.93,2.4751
2020-12-14,16.68,19.71,14.2,0.05,65.34,6.17,2.7934
2020-12-15,16.4,20.21,13.57,1.47,79.61,5.53,2.2692
2020-12-16,17.62,20.34,15.95,0.84,76.21,3.57,2.7444
2020-12-17,17.27,21.46,14.81,0.09,76.12,2.44,3.2717
2020-12-18,17.41,21.97,14.29,0.01,72.71,2.46,3.2618
2020-12-19,16.83,21.81,13.53,0.01,74.82,2.47,2.8884
2020-12-20,16.33,21.04,13.0,0.02,73.99,2.33,3.2314
2020-12-21,17.16,22.37,13.85,0.01,71.16,2.46,3.3468
2020-12-22,17.06,21.33,14.64,0.01,75.46,2.89,3.1586
2020-12-23,16.58,19.97,15.0,0.0,71.01,3.78,2.4422
2020-12-24,17.0,19.85,14.51,0.0,67.28,3.41,2.4482
2020-12-25,16.9,20.98,13.95,0.0,64.06,1.99,3.2664
2020-12-26,16.99,22.83,12.65,0.0,74.67,3.65,3.2172
2020-12-27,17.94,24.4,14.05,0.0,73.85,2.94,3.2462
2020-12-28,15.81,22.22,11.26,0.0,81.26,2.0,3.0149
2020-12-29,16.54,21.65,13.09,0.0,82.64,2.29,3.3842
2020-12-30,16.51,22.37,12.54,0.0,77.21,2.52,3.0504
2020-12-31,16.28,20.95,13.67,0.0,76.6,2.03,3.337
2021-01-01,16.61,21.28,13.44,0.0,71.51,2.41,3.51
2021-01-02,17.1,21.77,13.56,0.0,76.06,2.57,3.2546
2021-01-03,17.25,22.67,13.85,0.0,81.02,2.51,3.1934
2021-01-04,17.25,22.45,13.6,0.0,80.47,1.76,3.1932
2021-01-05,17.84,23.25,14.76,0.0,83.66,1.76,3.0451
2021-01-06,17.36,22.15,14.14,0.0,85.1,1.93,1.7782
2021-01-07,17.9,24.97,13.74,0.0,83.07,2.05,3.1298
2021-01-08,17.56,24.04,14.02,0.0,80.69,1.65,3.3394
2021-01-09,17.27,23.11,13.95,0.0,82.51,2.02,3.2866
2021-01-10,18.05,24.43,14.22,0.0,75.31,1.95,3.1507
2021-01-11,18.17,25.53,13.79,0.12,71.94,2.71,3.4802
2021-01-12,17.63,25.69,10.84,0.07,61.98,2.84,2.5032
2021-01-13,16.75,20.13,13.94,0.06,59.87,5.25,2.0035
2021-01-14,15.33,18.48,13.17,3.71,69.71,5.55,2.3724
2021-01-15,14.15,18.45,11.32,0.14,65.74,3.19,3.1493
2021-01-16,14.4,19.02,10.5,0.23,66.56,4.92,2.8298
2021-01-17,14.19,17.71,10.74,2.71,69.59,6.17,2.1259
2021-01-18,13.89,17.27,11.45,0.14,61.9,4.85,2.9381
2021-01-19,12.8,16.02,10.45,5.91,75.72,4.64,2.2262
2021-01-20,13.0,16.48,9.52,0.74,61.97,5.09,3.5842
2021-01-21,12.66,17.8,9.33,0.0,66.25,2.58,2.6143
2021-01-22,13.4,18.97,8.24,0.0,70.25,2.95,2.7526
2021-01-23,13.9,19.59,9.89,0.0,69.19,2.48,3.5419
2021-01-24,14.4,19.27,11.42,0.0,66.9,1.83,3.8498
2021-01-25,14.7,20.51,10.73,0.0,61.01,1.27,4.0834
2021-01-26,14.48,21.53,7.81,0.0,63.29,2.21,3.7246
2021-01-27,15.26,21.17,11.51,0.11,57.94,4.59,3.559
2021-01-28,13.35,16.49,11.32,0.64,62.86,4.4,2.7091
2021-01-29,13.42,16.23,11.39,0.68,63.58,4.74,3.1762
2021-01-30,13.87,18.95,8.81,0.0,65.18,5.33,4.1328
2021-01-31,15.8,22.17,10.97,0.0,59.07,3.62,4.2737
2021-02-01,17.17,25.35,10.75,0.0,48.49,2.22,4.5334
2021-02-02,17.02,25.65,9.5,0.09,59.18,1.89,3.6557
2021-02-03,16.75,24.54,10.77,0.11,56.93,2.17,3.3461
2021-02-04,17.11,20.92,15.2,1.85,79.28,4.47,3.3766
2021-02-05,16.36,20.5,13.4,0.0,77.38,3.88,4.1635
2021-02-06,16.39,21.78,13.17,0.0,76.89,1.94,3.175
2021-02-07,16.37,22.35,12.55,0.0,71.77,1.11,4.4042
2021-02-08,15.92,23.79,10.4,0.0,56.98,2.57,2.1708
2021-02-09,16.82,25.47,11.08,0.0,59.09,2.58,4.3296
2021-02-10,16.04,22.7,12.16,0.0,69.36,2.18,4.8122
2021-02-11,15.87,24.08,10.0,0.0,69.29,1.93,4.6882
2021-02-12,15.39,22.85,10.21,0.0,75.4,2.19,4.65
2021-02-13,15.31,21.14,11.41,0.0,67.91,1.84,4.0834
2021-02-14,14.63,20.13,11.43,0.0,66.58,1.63,4.7911
2021-02-15,15.6,21.99,10.68,0.12,63.25,2.33,4.7834
2021-02-16,11.7,13.77,9.61,17.67,74.45,5.93,1.6675
2021-02-17,10.66,11.96,9.53,7.11,61.82,7.98,2.9998
2021-02-18,12.55,15.98,10.31,0.82,64.37,4.07,4.1712
2021-02-19,12.82,16.6,9.87,11.81,77.74,3.08,4.2233
2021-02-20,13.4,17.86,9.78,0.07,66.38,2.79,3.6926
2021-02-21,14.36,18.79,11.52,0.53,63.89,1.73,4.2173
2021-02-22,12.94,18.44,7.9,0.93,71.54,2.18,2.5934
2021-02-23,13.92,17.21,11.64,3.75,78.14,4.46,2.2634
2021-02-24,15.06,19.8,11.55,0.01,73.35,4.13,4.8749
2021-02-25,15.53,21.63,11.71,0.01,78.27,3.15,4.6586
2021-02-26,14.85,19.73,11.42,0.0,72.65,1.85,4.6435
2021-02-27,15.12,20.75,11.14,0.0,76.83,3.08,5.2423
2021-02-28,14.95,19.81,10.81,0.0,77.62,3.13,4.8787
2021-03-01,15.54,20.27,11.48,0.0,67.16,3.7,5.1506
2021-03-02,14.39,18.64,10.87,0.08,65.22,4.26,4.5379
2021-03-03,13.66,16.18,12.05,2.98,64.56,4.85,4.0937
2021-03-04,14.86,19.48,11.65,0.44,68.8,3.85,5.5318
2021-03-05,14.62,20.57,10.7,0.01,71.68,2.3,5.5543
2021-03-06,14.17,21.61,8.34,0.27,72.13,2.16,6.0101
2021-03-07,14.82,21.62,9.92,0.15,72.17,2.53,5.8762
2021-03-08,15.73,22.39,11.36,1.14,70.74,1.89,5.7382
2021-03-09,17.3,26.15,9.63,1.62,60.36,3.2,4.6822
2021-03-10,19.04,27.94,13.87,2.13,52.86,4.44,5.5039
2021-03-11,17.33,22.09,14.82,3.84,78.57,4.55,4.4556
2021-03-12,15.3,19.27,11.93,0.01,60.06,5.55,5.1996
2021-03-13,14.41,19.42,10.88,0.0,67.35,2.62,5.3131
2021-03-14,15.81,21.86,11.43,0.0,71.0,2.39,4.3106
2021-03-15,16.07,21.25,11.48,0.0,76.81,2.36,5.0386
2021-03-16,15.79,20.6,12.47,0.01,71.12,2.94,6.0641
2021-03-17,15.19,20.81,9.46,1.16,68.39,3.87,6.126
2021-03-18,15.4,20.63,12.01,3.12,68.86,2.89,5.7646
2021-03-19,15.98,22.01,11.85,111.64,64.39,2.01,6.275
2021-03-20,18.63,25.81,11.96,0.01,62.67,2.94,5.587
2021-03-21,19.41,25.05,13.32,24.24,74.06,2.6,3.9758
2021-03-22,21.34,25.29,18.8,0.0,62.9,2.77,2.5351
2021-03-23,18.52,21.03,13.73,0.0,67.43,5.32,4.2914
2021-03-24,14.37,17.38,11.95,1.25,69.08,5.87,4.4942
2021-03-25,13.59,16.33,11.41,2.35,73.43,3.67,4.3246
2021-03-26,12.74,16.26,9.66,0.57,66.77,4.07,6.1157
2021-03-27,13.46,17.88,8.75,2.8,60.67,3.87,5.2298
2021-03-28,14.74,17.85,12.59,7.28,64.92,3.37,6.2129
2021-03-29,14.61,18.88,11.42,2.39,66.96,3.45,6.4966
2021-03-30,15.32,19.81,12.11,6.68,71.22,3.63,6.2722
2021-03-31,13.92,17.6,11.2,15.91,70.71,3.37,5.4713
2021-04-01,13.9,18.24,9.47,0.74,70.51,4.52,5.8699
2021-04-02,14.59,18.43,11.55,0.0,72.17,4.05,6.336
2021-04-03,15.3,21.37,10.3,0.0,65.88,2.11,6.8614
2021-04-04,17.77,26.25,9.4,0.0,58.4,2.31,6.3823
2021-04-05,18.91,28.99,10.68,0.0,55.45,2.66,6.503
2021-04-06,20.99,30.99,11.93,0.0,58.8,2.0,6.7752
2021-04-07,18.25,23.36,14.26,0.0,73.04,3.19,5.8562
2021-04-08,16.65,22.32,12.61,0.0,75.23,3.08,6.6499
2021-04-09,15.52,20.59,12.07,0.0,72.13,4.67,6.3492
2021-04-10,14.1,17.58,11.49,0.0,51.59,6.88,7.0862
2021-04-11,14.25,18.93,10.71,0.0,61.09,4.62,6.1594
2021-04-12,14.65,20.05,10.12,0.0,65.08,3.23,6.7442
2021-04-13,15.28,21.67,10.85,0.0,69.26,2.24,6.5189
2021-04-14,16.69,23.47,9.83,0.0,66.22,2.41,6.5566
2021-04-15,19.21,28.52,10.8,0.0,61.17,2.68,6.9298
2021-04-16,22.4,33.01,13.57,0.01,51.13,2.98,6.6974
2021-04-17,23.71,33.21,14.97,0.0,45.88,3.22,6.7793
2021-04-18,26.26,38.16,16.33,0.0,43.46,2.68,6.3684
2021-04-19,22.95,27.7,18.18,0.25,57.02,3.48,5.3484
2021-04-20,19.11,24.05,14.38,0.11,69.01,4.55,6.7366
2021-04-21,17.41,22.56,13.62,0.0,70.1,3.8,7.3735
2021-04-22,17.52,23.37,13.24,0.0,68.18,3.72,7.7362
2021-04-23,18.19,25.9,11.88,0.0,65.95,3.07,7.0733
2021-04-24,20.12,29.32,13.0,0.0,61.43,2.12,7.745
2021-04-25,21.27,31.69,14.38,0.0,58.8,4.64,7.1191
2021-04-26,18.69,22.87,15.01,0.0,72.73,4.97,7.0726
2021-04-27,18.45,24.78,13.55,0.0,64.69,2.55,7.835
2021-04-28,21.0,30.65,12.59,0.0,60.81,2.69,7.0627
2021-04-29,23.42,34.04,14.84,0.0,57.85,3.41,7.6238
2021-04-30,24.4,35.43,16.61,0.0,55.28,2.86,7.5564
2021-05-01,24.85,34.2,17.47,0.0,47.53,2.2,7.3805
2021-05-02,24.87,33.0,19.29,0.0,47.56,2.25,7.457
2021-05-03,26.17,35.56,18.89,0.0,50.03,1.96,7.5
2021-05-04,27.61,36.8,20.64,0.0,44.0,2.63,7.1669
2021-05-05,25.94,34.99,19.94,0.0,60.06,2.71,7.1695
2021-05-06,25.44,34.24,19.48,0.0,54.93,1.69,7.1213
2021-05-07,25.81,34.1,19.13,0.0,53.73,2.26,7.4026
2021-05-08,29.8,40.35,18.84,0.0,36.76,2.81,6.3058
2021-05-09,25.02,28.35,19.78,0.0,58.04,3.61,4.5792
2021-05-10,22.73,29.17,18.12,0.0,68.71,3.93,7.4695
2021-05-11,21.79,28.59,16.88,0.0,63.16,3.4,7.8658
2021-05-12,21.31,27.93,16.49,0.0,61.41,2.56,8.219
2021-05-13,22.29,30.16,16.62,0.0,54.67,1.86,8.1252
2021-05-14,23.17,31.64,16.16,0.0,52.16,2.56,7.9625
2021-05-15,24.28,32.66,17.29,0.0,52.57,2.6,7.9315
2021-05-16,24.21,33.4,17.84,0.0,53.83,3.58,7.8094
2021-05-17,22.29,27.45,18.32,0.0,63.16,3.82,7.9217
2021-05-18,23.28,30.53,17.68,0.0,61.22,2.55,8.1338
2021-05-19,24.63,32.59,17.92,0.0,58.54,2.56,8.2166
2021-05-20,24.43,32.05,18.55,0.0,58.12,2.64,8.3762
2021-05-21,23.26,30.41,18.22,0.0,63.19,3.76,7.8912
2021-05-22,21.3,25.34,18.0,0.0,60.65,4.99,7.3426
2021-05-23,21.93,27.26,17.72,0.0,63.35,4.58,7.8288
2021-05-24,23.81,31.61,17.16,0.0,62.36,3.1,8.376
2021-05-25,24.9,33.11,17.71,0.0,58.66,2.84,8.0863
2021-05-26,25.2,33.18,18.22,0.0,60.18,2.66,8.2085
2021-05-27,25.72,33.87,18.82,0.0,61.22,3.1,8.0064
2021-05-28,23.94,30.2,19.08,0.0,64.59,4.23,7.7064
2021-05-29,23.94,30.12,18.61,0.0,63.06,2.99,8.1312
2021-05-30,27.91,38.0,18.03,0.0,39.92,2.46,7.788
2021-05-31,25.96,31.18,20.33,0.0,52.92,4.41,7.9469
2021-06-01,24.34,30.65,19.02,0.0,59.8,3.26,7.7806
2021-06-02,23.45,29.03,19.15,0.0,60.42,3.35,8.2159
2021-06-03,22.61,28.39,17.96,0.0,57.4,3.8,8.1718
2021-06-04,22.43,27.46,17.93,0.0,61.46,4.54,7.9142
2021-06-05,23.18,28.75,18.57,0.0,62.41,4.44,8.1686
2021-06-06,22.58,27.61,18.11,0.0,60.42,4.05,7.5365
2021-06-07,23.01,28.9,17.69,0.0,59.74,3.51,8.4036
2021-06-08,25.31,33.12,18.22,0.0,54.03,2.59,8.0436
2021-06-09,26.94,36.22,20.24,0.0,50.59,3.96,7.9121
2021-06-10,24.78,31.01,20.24,0.0,66.85,3.41,7.4208
2021-06-11,25.56,32.46,20.17,0.0,58.56,2.74,7.5893
2021-06-12,26.13,32.91,20.53,0.0,56.77,3.74,6.6578
2021-06-13,25.17,31.22,20.59,0.0,60.18,3.84,8.1098
2021-06-14,24.2,29.53,19.34,0.0,65.25,3.42,7.4762
2021-06-15,24.07,30.32,19.34,0.0,64.56,3.07,8.0227
2021-06-16,23.84,29.18,19.89,0.0,63.26,3.87,8.0827
2021-06-17,23.96,29.87,18.62,0.0,58.76,3.24,8.3162
2021-06-18,24.63,30.68,19.22,0.0,57.88,2.92,8.5008
2021-06-19,25.83,32.44,20.15,0.0,52.56,2.44,8.1662
2021-06-20,26.27,32.56,21.16,0.0,51.15,2.32,8.052
2021-06-21,26.93,33.71,20.94,0.0,58.44,2.78,7.6661
2021-06-22,27.12,32.95,22.32,0.0,57.01,2.34,7.8403
2021-06-23,27.49,33.82,22.25,0.0,58.7,2.82,7.6126
2021-06-24,27.82,34.8,21.7,0.0,64.35,3.59,7.9906
2021-06-25,27.33,33.23,22.69,0.0,70.11,4.04,7.8379
2021-06-26,28.68,35.49,22.35,0.0,63.93,3.13,7.8017
2021-06-27,28.94,35.9,23.19,0.0,66.35,3.82,7.8816
2021-06-28,29.11,35.98,23.06,0.0,63.8,3.95,8.0602
2021-06-29,28.35,35.51,22.66,0.0,65.19,3.8,7.9752
2021-06-30,28.99,36.27,22.38,0.0,61.81,2.99,8.0623
2021-07-01,29.55,36.92,22.98,0.0,57.63,3.34,7.8542
2021-07-02,30.52,38.73,22.79,0.0,52.64,3.26,7.4971
2021-07-03,28.13,34.31,23.73,0.0,65.64,4.79,7.878
2021-07-04,27.5,32.7,23.15,0.0,62.77,4.57,8.1996
2021-07-05,27.5,32.7,22.95,0.0,57.62,4.1,8.1264
2021-07-06,27.94,34.23,22.18,0.0,59.92,2.75,7.4419
2021-07-07,28.05,34.79,22.14,0.0,62.67,3.09,7.9608
2021-07-08,28.46,34.7,23.13,0.0,64.11,2.97,7.9421
2021-07-09,28.32,34.67,23.0,0.0,67.85,3.42,7.493
2021-07-10,28.02,33.65,23.9,0.0,67.28,4.07,7.6786
2021-07-11,28.35,34.18,23.47,0.0,64.5,3.3,7.931
2021-07-12,28.01,34.28,23.03,0.0,60.1,3.16,8.1242
2021-07-13,27.49,33.56,22.29,0.0,59.34,3.16,8.2704
2021-07-14,27.81,33.95,22.19,0.0,59.8,3.1,8.1362
2021-07-15,28.83,36.08,23.01,0.0,63.93,3.4,7.7942
2021-07-16,29.02,35.54,23.87,0.0,57.6,3.35,8.011
2021-07-17,28.77,36.06,23.41,0.0,58.81,2.57,7.9382
2021-07-18,28.39,35.16,23.08,0.0,61.97,2.55,7.7066
2021-07-19,30.09,36.67,24.17,0.0,54.23,2.98,7.7599
2021-07-20,31.46,37.9,25.54,0.0,48.46,3.16,7.7839
2021-07-21,29.49,35.3,24.86,0.0,55.93,3.33,7.8084
2021-07-22,28.77,33.68,24.4,0.0,63.1,4.2,7.7182
2021-07-23,28.54,32.55,25.37,0.0,58.96,5.7,7.6733
2021-07-24,27.7,32.24,23.8,0.0,58.83,4.52,7.1621
2021-07-25,27.42,32.46,23.62,0.0,62.4,3.79,6.9574
2021-07-26,27.61,33.65,22.75,0.0,62.78,2.84,7.4232
2021-07-27,27.94,34.9,22.63,0.0,61.53,3.09,7.7849
2021-07-28,28.75,35.46,23.0,0.0,61.83,3.55,7.6526
2021-07-29,29.14,35.47,24.03,0.0,61.09,3.61,7.6579
2021-07-30,29.06,35.62,23.89,0.0,65.44,3.4,7.4642
2021-07-31,29.19,36.68,22.99,0.0,65.19,2.57,7.0097
2021-08-01,30.15,37.83,23.95,0.0,64.03,2.74,7.0457
2021-08-02,30.0,36.75,24.12,0.0,65.83,2.79,6.7738
2021-08-03,31.09,39.21,24.69,0.0,58.95,1.99,6.7644
2021-08-04,31.79,40.07,24.95,0.0,54.73,1.89,7.4839
2021-08-05,31.44,39.53,24.99,0.0,56.47,2.28,7.1407
2021-08-06,31.19,39.38,24.53,0.0,60.79,2.42,6.7474
2021-08-07,29.44,35.37,25.36,0.0,68.47,4.68,6.8796
2021-08-08,29.07,34.57,24.81,0.0,60.83,4.29,7.2946
2021-08-09,29.08,34.61,25.81,0.0,63.67,3.84,7.4191
2021-08-10,29.28,35.55,24.58,0.0,63.44,3.52,7.3382
2021-08-11,29.98,36.89,24.17,0.0,61.35,3.52,7.1678
2021-08-12,29.96,36.74,24.33,0.0,64.37,3.26,6.7872
2021-08-13,29.47,35.84,24.87,0.0,63.95,3.34,7.0697
2021-08-14,29.28,35.72,24.13,0.0,63.36,3.61,7.3817
2021-08-15,28.79,34.56,24.52,0.0,61.73,4.05,7.0884
2021-08-16,28.11,33.98,23.75,0.0,62.92,3.77,7.2542
2021-08-17,27.46,33.17,23.03,0.0,59.39,3.24,7.4273
2021-08-18,27.99,34.21,22.75,0.0,62.61,3.37,7.069
2021-08-19,28.18,34.12,23.85,0.0,67.92,3.87,6.8906
2021-08-20,28.64,35.58,23.46,0.0,65.95,3.29,7.2211
2021-08-21,29.08,35.77,24.31,0.0,65.85,3.99,7.0409
2021-08-22,28.78,34.47,24.17,0.0,60.56,4.16,7.0666
2021-08-23,28.45,34.46,24.19,0.0,63.64,3.56,6.5885
2021-08-24,27.89,33.8,23.25,0.0,64.93,3.04,6.4006
2021-08-25,28.07,34.39,23.46,0.0,62.08,2.97,7.1544
2021-08-26,28.32,34.57,23.71,0.0,66.99,3.7,6.9624
2021-08-27,28.68,35.12,23.31,0.0,61.32,3.07,7.1587
2021-08-28,29.14,35.7,23.92,0.0,66.29,3.1,6.5945
2021-08-29,30.27,37.98,24.52,0.0,58.87,2.72,6.3122
2021-08-30,29.5,35.22,24.89,0.0,66.17,3.45,6.4766
2021-08-31,28.95,35.41,24.39,0.0,65.98,2.9,6.5225
2021-09-01,27.95,33.89,23.32,0.0,63.95,3.51,7.0589
2021-09-02,28.11,33.76,23.62,0.0,60.77,4.28,6.9883
2021-09-03,27.38,32.08,24.03,0.0,63.69,4.84,6.7102
2021-09-04,27.88,33.91,23.33,0.0,65.02,3.93,6.2851
2021-09-05,27.41,32.25,23.42,0.0,60.15,3.97,6.4046
2021-09-06,27.29,32.62,23.53,0.0,60.94,3.62,6.7505
2021-09-07,28.31,34.13,23.62,0.0,55.0,2.47,6.4188
2021-09-08,30.75,39.07,23.8,0.0,52.13,3.11,6.2899
2021-09-09,27.98,32.4,24.11,0.0,67.52,4.35,6.2261
2021-09-10,26.1,30.55,23.01,0.0,66.12,3.52,5.9738
2021-09-11,26.48,31.42,23.17,0.0,60.98,3.66,6.2933
2021-09-12,28.23,34.11,22.89,0.0,49.7,1.93,6.2045
2021-09-13,28.69,34.43,24.51,0.0,56.24,3.64,6.1152
2021-09-14,27.74,33.8,23.67,0.0,61.31,3.04,6.0259
2021-09-15,27.05,31.52,23.91,0.0,58.28,3.32,6.0415
2021-09-16,26.16,30.55,22.97,0.0,57.99,4.43,5.8169
2021-09-17,27.6,32.47,23.84,0.0,59.04,4.48,5.7022
2021-09-18,27.41,32.76,23.3,0.0,59.73,3.71,6.5398
2021-09-19,28.35,35.99,22.82,0.0,60.42,2.61,6.1891
2021-09-20,28.92,37.06,22.99,0.0,65.39,3.19,6.0581
2021-09-21,28.64,36.32,22.94,0.0,66.18,3.03,6.2839
2021-09-22,27.62,33.78,23.08,0.0,66.97,3.84,6.2407
2021-09-23,27.13,32.77,23.01,0.0,65.66,3.99,5.5786
2021-09-24,25.18,28.34,22.8,0.0,54.42,4.74,4.7842
2021-09-25,24.75,30.15,20.73,0.0,55.99,3.23,6.0394
2021-09-26,25.25,31.16,20.97,0.0,57.71,2.9,5.8678
2021-09-27,25.1,30.07,21.31,0.0,61.42,3.41,5.7506
2021-09-28,25.36,30.81,21.43,0.0,65.14,3.31,5.9662
2021-09-29,26.15,31.53,21.73,0.0,70.07,3.87,5.6191
2021-09-30,25.44,30.51,21.92,0.0,67.74,3.59,5.3098
2021-10-01,24.83,29.83,21.28,0.0,61.44,3.88,5.521
2021-10-02,24.98,29.37,21.71,0.0,61.69,4.12,5.1336
2021-10-03,24.65,28.84,22.04,0.0,60.03,3.83,5.0995
2021-10-04,24.11,28.48,21.41,0.0,59.79,3.56,5.0844
2021-10-05,23.53,27.93,20.77,0.0,61.66,4.03,5.1226
2021-10-06,23.7,28.83,20.23,0.0,59.11,3.22,5.2524
2021-10-07,23.87,29.69,19.76,0.0,58.9,2.5,5.1586
2021-10-08,23.32,29.13,19.45,0.0,64.09,3.05,5.3726
2021-10-09,23.6,30.31,18.71,0.0,66.15,3.23,5.4406
2021-10-10,25.11,32.61,19.4,0.02,66.54,3.11,5.4163
2021-10-11,25.72,33.44,19.89,0.03,69.14,2.83,5.4374
2021-10-12,25.71,32.39,20.94,0.12,66.1,3.79,5.346
2021-10-13,25.65,31.59,20.94,0.01,65.34,2.93,5.0326
2021-10-14,26.18,32.83,20.62,0.0,60.15,2.56,5.0904
2021-10-15,26.28,34.35,19.57,0.0,53.01,2.56,5.0575
2021-10-16,24.94,32.18,19.24,0.0,51.15,3.06,4.8828
2021-10-17,24.37,29.81,20.42,0.0,57.95,2.87,4.5401
2021-10-18,22.87,27.51,20.18,0.0,60.66,2.87,4.8089
2021-10-19,22.9,27.82,19.7,0.0,61.45,3.17,4.3378
2021-10-20,22.48,26.78,19.77,0.0,61.29,3.91,4.4626
2021-10-21,22.89,27.6,19.9,0.0,58.6,3.07,4.3313
2021-10-22,22.53,26.67,19.83,0.0,65.1,3.73,4.2998
2021-10-23,21.69,26.53,18.41,0.0,62.29,2.92,4.5826
2021-10-24,21.89,26.66,18.95,0.0,67.71,2.91,4.4885
2021-10-25,22.79,27.72,19.77,0.0,66.01,3.06,4.3822
2021-10-26,23.22,29.22,18.9,0.0,66.15,3.04,4.2761
2021-10-27,24.44,30.32,18.73,0.0,61.72,2.87,3.9708
2021-10-28,25.49,33.13,19.71,0.05,58.02,2.97,3.9792
2021-10-29,23.95,28.22,21.35,0.35,72.4,2.91,3.6996
2021-10-30,23.89,28.81,21.06,0.8,66.57,1.86,4.2617
2021-10-31,25.04,31.8,20.16,0.26,62.23,2.8,3.9588
2021-11-01,23.42,28.05,19.72,0.01,55.64,4.71,3.5662
2021-11-02,23.19,27.9,19.63,0.0,58.25,2.33,4.3001
2021-11-03,23.41,30.37,18.08,0.0,55.16,2.78,4.4215
2021-11-04,22.55,28.9,17.72,0.0,70.33,3.05,4.4585
2021-11-05,22.44,28.24,18.32,0.0,70.41,3.56,4.4561
2021-11-06,22.85,29.09,18.82,0.0,70.31,2.97,4.2662
2021-11-07,22.98,29.62,18.35,0.0,68.9,2.71,4.4059
2021-11-08,23.56,30.81,18.31,0.0,72.55,2.37,4.3939
2021-11-09,23.28,29.77,18.67,0.0,71.19,2.3,3.8112
2021-11-10,22.54,28.23,19.66,0.0,75.78,2.42,3.9067
2021-11-11,21.83,26.48,18.49,0.0,65.01,3.09,2.9945
2021-11-12,21.16,24.91,17.9,0.0,61.89,3.18,2.6129
2021-11-13,22.01,27.56,18.03,0.0,65.76,3.29,3.6953
2021-11-14,22.42,27.62,18.87,0.0,70.25,2.25,3.1114
2021-11-15,21.65,26.27,18.46,0.01,75.27,2.45,3.3031
2021-11-16,21.34,24.14,19.43,0.14,78.22,2.7,2.0486
2021-11-17,20.57,25.23,17.36,0.47,74.53,2.45,3.0821
2021-11-18,20.78,25.14,17.76,0.3,72.22,3.47,3.3811
2021-11-19,19.85,23.65,17.0,1.0,69.19,3.93,3.3389
2021-11-20,17.91,20.65,16.62,37.62,74.62,3.85,1.29
2021-11-21,18.54,20.73,17.19,17.34,76.89,3.2,2.9899
2021-11-22,19.48,23.08,17.29,4.79,76.61,2.47,3.193
2021-11-23,19.44,23.16,16.8,0.07,72.48,1.08,3.4495
2021-11-24,19.18,24.16,14.24,0.17,72.31,1.4,3.354
2021-11-25,19.02,24.7,14.71,0.02,73.62,1.88,3.3192
2021-11-26,19.57,26.01,14.66,0.23,69.43,2.13,3.5566
2021-11-27,20.26,27.94,14.35,0.07,61.28,2.84,3.6326
2021-11-28,21.06,27.62,15.98,0.0,53.47,2.43,3.5131
2021-11-29,22.71,30.86,15.66,0.0,46.05,1.57,3.5218
2021-11-30,20.26,25.44,16.44,0.08,67.54,4.4,3.0888
2021-12-01,18.88,21.52,16.5,0.35,63.17,4.9,2.3162
2021-12-02,18.03,21.32,15.05,0.01,60.09,2.1,2.7535
2021-12-03,18.18,21.99,15.16,0.0,56.63,1.38,1.8132
2021-12-04,17.18,22.63,13.14,0.0,62.71,2.13,1.1858
2021-12-05,16.74,20.05,13.46,0.17,70.67,4.73,2.8632
2021-12-06,18.47,22.12,15.25,0.05,62.69,1.53,2.1941
2021-12-07,16.74,21.85,13.37,0.0,62.28,4.83,3.3811
2021-12-08,14.91,18.77,10.95,0.23,67.01,7.26,1.8866
2021-12-09,16.99,21.69,13.66,0.0,72.09,2.32,2.963
2021-12-10,16.85,22.48,12.53,0.0,76.0,2.17,2.9741
2021-12-11,17.79,23.54,13.77,0.01,75.1,1.5,3.5239
2021-12-12,17.64,21.94,14.87,0.27,71.33,1.54,2.9182
2021-12-13,17.56,21.55,15.49,0.35,70.24,2.26,1.2662
2021-12-14,16.4,19.24,14.01,1.25,74.16,3.72,2.6518
2021-12-15,15.16,18.86,11.87,1.65,71.21,4.36,2.5752
2021-12-16,15.41,18.55,13.28,2.91,73.56,3.0,2.4756
2021-12-17,15.53,18.69,13.29,1.67,67.61,3.41,2.6832
2021-12-18,13.66,17.26,10.73,2.33,70.27,5.51,2.7739
2021-12-19,12.8,16.17,10.6,12.14,75.32,6.13,2.4353
2021-12-20,12.49,15.44,8.57,4.62,75.29,6.19,2.1806
2021-12-21,14.57,18.17,12.59,3.62,78.44,4.26,2.5908
2021-12-22,14.64,17.84,12.64,2.4,78.68,2.45,2.249
2021-12-23,13.96,15.79,12.66,2.43,76.14,1.81,2.2572
2021-12-24,14.06,17.31,11.19,1.22,73.41,3.32,2.3546
2021-12-25,14.12,18.03,11.42,0.61,74.48,1.46,1.9073
2021-12-26,13.66,18.43,11.12,0.04,75.02,1.66,2.107
2021-12-27,14.26,19.43,10.55,0.03,76.38,2.55,2.4554
2021-12-28,15.35,19.22,12.9,0.12,67.4,2.31,3.1162
2021-12-29,13.52,17.42,9.56,0.08,64.55,3.38,1.5722
2021-12-30,14.47,17.64,12.24,1.28,75.85,5.11,2.4444
2021-12-31,13.34,16.01,10.26,10.3,84.08,3.55,0.5666
2022-01-01,12.99,18.4,8.62,0.08,77.98,1.57,3.1666
2022-01-02,14.08,17.51,11.03,3.1,88.24,1.91,2.591
2022-01-03,14.87,19.82,12.06,0.04,84.38,2.53,3.3516
2022-01-04,14.23,18.56,11.39,0.25,81.51,2.95,3.21
2022-01-05,13.89,19.5,10.1,0.02,75.31,1.78,3.5664
2022-01-06,14.09,18.67,9.32,0.0,76.98,1.28,2.5154
2022-01-07,14.7,19.43,11.8,0.0,80.17,0.97,3.0984
2022-01-08,14.45,21.25,9.28,0.0,70.11,2.16,3.516
2022-01-09,12.19,16.93,9.02,0.0,68.41,5.85,3.162
2022-01-10,11.82,16.65,8.0,0.0,68.7,5.44,2.8241
2022-01-11,12.37,19.7,6.89,0.0,55.13,5.19,3.6151
2022-01-12,12.55,17.85,8.15,0.0,60.58,4.16,2.8102
2022-01-13,13.3,17.0,10.0,8.54,78.11,4.34,1.7717
2022-01-14,13.33,15.77,11.24,1.23,67.0,4.68,2.5289
2022-01-15,13.4,16.64,10.93,0.62,65.82,4.18,2.826
2022-01-16,13.23,16.61,10.04,2.5,69.52,4.32,2.8111
2022-01-17,11.74,16.54,8.52,1.32,62.94,2.43,3.0612
2022-01-18,10.95,15.93,6.22,0.8,63.31,3.44,3.3869
2022-01-19,12.24,14.39,9.67,11.77,62.67,5.6,2.7096
2022-01-20,10.75,14.38,8.62,0.24,65.04,2.46,1.7712
2022-01-21,11.52,15.45,8.15,0.09,60.5,0.93,3.2774
2022-01-22,11.98,16.28,7.56,0.04,66.39,3.37,3.846
2022-01-23,11.56,15.2,10.0,3.71,74.34,4.58,2.4403
2022-01-24,10.98,13.67,7.63,3.49,67.39,2.67,2.8034
2022-01-25,10.05,14.83,5.9,1.07,71.93,4.24,3.2366
2022-01-26,10.08,12.33,8.54,22.27,74.57,5.97,2.0009
2022-01-27,11.46,14.34,9.92,3.92,69.47,4.76,2.6201
2022-01-28,11.98,15.59,9.98,3.7,77.82,3.1,2.6422
2022-01-29,12.21,14.59,10.58,1.41,75.1,1.98,3.8393
2022-01-30,11.84,16.8,8.58,0.28,71.2,4.27,2.9561
2022-01-31,12.04,16.2,7.61,1.85,79.85,4.15,3.4438
2022-02-01,13.3,18.01,9.8,0.08,69.56,2.71,4.0212
2022-02-02,11.88,18.56,7.87,0.0,59.22,3.3,2.874
2022-02-03,10.94,14.93,7.05,0.73,68.77,5.3,3.2186
2022-02-04,12.13,15.54,8.89,4.02,78.21,5.42,3.09
2022-02-05,12.29,15.19,9.72,0.86,72.51,3.38,3.8818
2022-02-06,13.54,18.81,10.54,0.83,74.27,2.68,4.5516
2022-02-07,13.7,19.38,9.41,0.02,75.39,1.87,4.6145
2022-02-08,13.12,20.15,7.85,0.1,62.16,3.57,4.6886
2022-02-09,13.01,15.43,11.24,0.49,66.63,6.39,3.7378
2022-02-10,12.86,15.63,10.88,0.04,63.1,4.93,2.6251
2022-02-11,13.3,17.74,9.42,0.0,69.24,2.47,4.6678
2022-02-12,12.94,19.29,7.51,0.0,77.6,2.71,4.2312
2022-02-13,13.07,18.42,9.55,0.0,79.45,2.77,4.3128
2022-02-14,13.33,18.32,10.24,0.01,79.21,2.58,4.1827
2022-02-15,12.76,17.32,9.34,0.21,79.6,3.21,4.6702
2022-02-16,13.68,17.89,11.1,0.02,73.93,2.49,4.1702
2022-02-17,12.76,17.23,10.06,0.0,79.64,1.22,2.851
2022-02-18,12.67,16.37,9.32,0.39,80.52,2.17,3.4152
2022-02-19,13.35,16.66,10.18,2.65,73.86,4.78,3.5765
2022-02-20,14.29,20.05,9.8,0.0,69.99,1.24,4.9579
2022-02-21,14.99,21.48,9.5,0.07,70.06,2.26,5.1727
2022-02-22,16.36,22.44,11.7,0.0,60.89,2.76,4.7566
2022-02-23,15.22,22.45,10.35,0.0,65.29,3.2,2.4878
2022-02-24,12.27,15.67,9.03,3.39,79.03,4.25,3.1584
2022-02-25,14.08,16.84,11.76,0.84,70.82,5.7,3.1284
2022-02-26,14.18,17.79,11.7,0.0,63.49,2.77,4.5778
2022-02-27,13.91,20.16,8.82,0.0,63.5,1.54,5.4485
2022-02-28,14.2,21.8,7.64,0.0,71.06,1.88,5.1576
2022-03-01,15.95,23.06,10.37,0.0,70.95,1.76,4.2086
2022-03-02,17.36,24.15,12.74,0.01,72.87,3.91,2.5298
2022-03-03,13.99,17.46,11.04,0.01,67.09,5.66,4.8331
2022-03-04,14.54,19.04,11.45,0.01,62.69,1.88,4.3562
2022-03-05,15.6,22.55,9.1,0.0,62.73,2.66,5.3414
2022-03-06,16.21,22.14,12.13,0.0,70.89,5.07,5.2186
2022-03-07,15.56,21.11,11.49,0.02,76.45,2.18,4.7263
2022-03-08,16.47,22.68,12.5,6.55,70.23,2.35,3.6367
2022-03-09,14.78,18.86,11.78,6.99,80.42,3.34,5.3664
2022-03-10,13.13,16.12,10.72,0.52,70.98,6.04,3.5448
2022-03-11,12.11,14.87,9.64,0.22,61.8,5.85,4.9289
2022-03-12,10.96,14.84,8.54,0.15,61.79,3.27,5.6186
2022-03-13,9.74,12.78,6.64,4.86,66.38,3.43,4.1962
2022-03-14,10.73,14.67,7.17,0.24,60.09,4.35,4.3877
2022-03-15,11.78,15.6,8.31,0.19,59.24,4.12,4.8751
2022-03-16,12.49,17.84,8.36,0.01,59.14,2.16,5.8915
2022-03-17,12.68,18.26,7.97,2.39,63.7,1.96,5.3194
2022-03-18,13.98,18.79,10.54,10.76,72.96,2.96,5.6928
2022-03-19,12.9,17.8,9.8,0.27,66.51,4.27,4.8653
2022-03-20,12.17,16.36,8.86,1.18,59.23,4.29,3.4982
2022-03-21,11.49,15.65,8.3,14.88,65.08,3.69,5.6249
2022-03-22,11.1,15.25,7.53,3.42,67.39,2.84,5.1809
2022-03-23,11.63,15.66,8.2,3.82,72.34,4.61,5.0633
2022-03-24,12.21,15.2,9.54,4.15,72.46,5.12,4.1837
2022-03-25,13.68,17.58,10.65,0.29,66.1,4.52,6.2124
2022-03-26,14.39,20.69,9.94,0.0,72.29,2.97,6.6312
2022-03-27,14.24,20.07,9.73,0.0,74.42,2.95,6.5772
2022-03-28,15.12,22.14,8.85,0.0,71.37,3.12,6.2122
2022-03-29,16.11,23.36,10.6,0.0,72.58,2.98,5.8824
2022-03-30,17.03,24.58,11.52,0.0,64.51,1.58,6.1886
2022-03-31,18.29,27.35,11.21,0.0,57.8,2.53,6.2834
2022-04-01,18.78,26.16,11.38,0.0,62.78,1.82,4.6634
2022-04-02,19.61,26.88,14.46,0.0,60.64,2.77,4.1448
2022-04-03,19.58,27.51,14.05,0.0,64.81,3.22,6.1051
2022-04-04,20.15,30.3,12.21,0.0,60.7,3.68,6.5755
2022-04-05,23.43,35.39,13.47,0.0,48.21,3.29,6.2786
2022-04-06,20.91,26.16,16.05,0.0,61.68,3.64,6.0355
2022-04-07,23.46,33.71,14.12,0.0,55.43,3.41,5.3222
2022-04-08,18.14,22.48,13.66,0.0,74.86,4.77,6.0886
2022-04-09,17.26,24.3,11.92,0.0,72.68,2.22,7.5454
2022-04-10,17.83,24.86,12.51,0.0,70.9,2.35,6.6982
2022-04-11,17.14,22.75,12.82,0.0,71.15,4.15,7.2115
2022-04-12,15.7,20.16,12.11,0.0,62.95,4.41,7.1642
2022-04-13,15.86,21.73,10.97,0.0,67.23,3.42,6.9209
2022-04-14,16.89,23.69,11.05,0.0,64.68,3.55,7.6925
2022-04-15,17.71,25.24,11.43,0.0,63.83,3.69,5.5903
2022-04-16,20.94,29.6,14.24,0.0,57.97,3.67,5.5118
2022-04-17,24.93,36.26,15.83,0.0,46.55,4.5,4.3466
2022-04-18,19.36,22.36,15.55,0.0,69.53,3.4,4.1592
2022-04-19,18.09,23.58,13.92,0.0,68.4,3.54,7.2989
2022-04-20,16.72,22.14,12.45,0.0,71.14,2.82,7.6987
2022-04-21,17.77,24.49,12.3,0.0,65.18,2.77,7.272
2022-04-22,18.42,25.32,13.58,0.0,69.15,3.37,6.9914
2022-04-23,18.94,26.96,12.57,0.0,66.95,2.68,7.5353
2022-04-24,20.43,28.12,14.81,0.0,62.79,3.19,7.3894
2022-04-25,20.29,26.94,15.24,0.0,70.88,3.31,7.573
2022-04-26,20.19,28.43,13.8,0.0,65.7,2.65,7.1071
2022-04-27,20.7,29.44,14.19,0.0,60.77,2.4,7.4141
2022-04-28,20.45,28.35,14.14,0.0,60.0,2.4,7.9092
2022-04-29,23.61,34.47,14.28,0.0,46.73,2.9,5.7274
2022-04-30,21.17,26.71,16.78,0.0,68.0,5.05,7.5552
2022-05-01,21.28,27.97,16.27,0.0,66.96,3.2,7.2014
2022-05-02,22.15,29.89,16.25,0.0,57.58,3.46,2.4715
2022-05-03,21.54,26.95,18.56,0.0,63.09,5.91,6.5491
2022-05-04,19.73,23.89,15.92,0.0,68.45,4.89,7.6073
2022-05-05,18.82,23.37,15.08,0.0,66.82,5.13,7.6195
2022-05-06,19.74,25.6,14.82,0.0,65.47,3.96,7.6814
2022-05-07,20.48,26.48,15.07,0.0,59.51,1.76,7.3114
2022-05-08,24.41,32.93,17.25,0.0,44.01,2.6,5.6815
2022-05-09,22.8,31.48,17.43,0.0,53.09,3.79,7.723
2022-05-10,22.07,29.38,16.33,0.0,64.2,2.4,7.8914
2022-05-11,21.24,27.01,16.95,0.0,64.82,2.73,6.3022
2022-05-12,20.06,24.82,16.02,0.0,65.4,2.95,4.9788
2022-05-13,22.44,29.65,16.41,0.0,59.38,3.28,4.9397
2022-05-14,20.89,25.03,17.13,0.0,69.12,4.15,3.0343
2022-05-15,20.57,26.14,15.63,0.0,69.65,3.96,7.7563
2022-05-16,21.11,26.57,16.22,0.0,67.23,2.7,6.5194
2022-05-17,22.34,29.53,15.52,0.0,63.86,2.78,8.2015
2022-05-18,23.94,31.37,17.67,0.0,57.8,2.08,8.0494
2022-05-19,26.31,33.97,17.31,0.0,41.14,2.29,8.0009
2022-05-20,24.0,30.75,19.74,0.0,58.67,4.14,7.399
2022-05-21,21.41,26.39,17.44,0.0,64.77,4.89,7.6742
2022-05-22,21.66,26.82,16.98,0.0,60.89,5.63,7.7942
2022-05-23,22.63,30.13,16.86,0.0,68.18,4.33,7.3735
2022-05-24,23.09,30.36,16.94,0.0,63.62,3.31,8.2918
2022-05-25,23.89,32.35,16.92,0.0,63.5,2.4,8.0059
2022-05-26,24.88,32.41,18.23,0.0,66.11,3.49,7.8919
2022-05-27,25.5,33.0,19.15,0.0,66.28,3.63,7.9522
2022-05-28,26.81,35.2,19.59,0.0,58.86,2.54,8.0698
2022-05-29,27.81,36.1,19.81,0.0,49.04,1.67,8.3038
2022-05-30,28.2,38.29,21.03,0.0,46.24,3.23,8.0885
2022-05-31,25.28,31.58,20.48,0.0,63.99,3.82,8.1581
2022-06-01,24.51,29.51,19.32,0.0,68.4,3.56,8.1622
2022-06-02,24.56,30.46,19.72,0.0,70.7,3.94,7.5859
2022-06-03,25.73,32.16,19.39,0.0,64.14,2.93,8.0897
2022-06-04,26.62,33.25,20.59,0.0,59.67,2.41,8.1679
2022-06-05,27.08,33.93,21.19,0.0,60.89,2.87,7.3939
2022-06-06,26.71,32.62,21.4,0.0,62.85,3.06,7.6687
2022-06-07,26.35,32.57,20.7,0.0,66.27,3.52,8.1026
2022-06-08,28.58,35.55,21.32,0.0,52.2,2.35,8.2046
2022-06-09,29.53,37.1,22.8,0.0,41.72,2.66,8.1166
2022-06-10,29.14,35.52,23.36,0.0,43.28,2.33,8.4209
2022-06-11,29.4,39.87,23.33,0.0,51.15,4.71,7.3598
2022-06-12,25.43,30.31,21.51,0.0,66.89,3.79,7.5792
2022-06-13,25.39,30.56,20.58,0.0,62.34,3.09,8.1449
2022-06-14,26.57,32.52,21.35,0.0,61.58,3.46,8.0098
2022-06-15,26.0,31.43,21.38,0.0,67.25,3.63,8.2018
2022-06-16,26.4,32.41,21.13,0.0,69.77,4.07,7.4299
2022-06-17,26.53,32.57,21.97,0.0,67.15,4.24,7.9894
2022-06-18,25.96,31.8,20.8,0.0,60.96,4.15,8.5529
2022-06-19,25.91,31.34,20.73,0.0,58.8,3.87,8.6126
2022-06-20,25.36,31.22,20.21,0.0,63.51,3.37,8.196
2022-06-21,25.39,30.71,20.44,0.0,62.81,4.09,8.2786
2022-06-22,26.56,32.04,21.83,0.0,64.62,4.76,8.2651
2022-06-23,27.93,34.88,21.64,0.0,64.46,3.4,8.0621
2022-06-24,29.05,36.1,22.45,0.0,60.13,3.43,7.8029
2022-06-25,27.2,32.31,22.7,0.0,63.33,4.76,8.4634
2022-06-26,27.57,33.89,21.58,0.0,57.46,3.71,8.2634
2022-06-27,26.85,31.76,22.68,0.0,61.44,4.36,8.3314
2022-06-28,26.31,31.79,21.54,0.0,63.81,3.47,7.7246
2022-06-29,26.8,32.33,22.3,0.0,64.92,3.47,7.65
2022-06-30,26.48,31.21,22.71,0.0,65.85,3.62,7.9541
2022-07-01,26.79,32.13,22.77,0.0,63.07,3.1,8.0558
2022-07-02,27.37,33.58,21.9,0.0,68.14,3.41,8.1096
2022-07-03,28.02,34.42,22.7,0.0,65.95,3.37,7.9262
2022-07-04,28.08,34.38,22.7,0.0,64.01,3.14,7.8038
2022-07-05,27.65,33.49,22.54,0.0,60.98,3.43,7.9771
2022-07-06,27.26,33.5,21.75,0.0,58.66,3.56,8.5421
2022-07-07,26.93,32.99,21.15,0.0,59.2,3.38,8.3885
2022-07-08,27.18,32.61,22.41,0.0,65.03,4.35,7.5518
2022-07-09,27.84,34.11,22.04,0.0,61.12,3.68,8.0333
2022-07-10,27.17,32.01,23.44,0.0,66.65,3.95,8.0309
2022-07-11,27.07,32.61,22.33,0.0,62.28,4.02,7.7695
2022-07-12,27.28,32.84,22.96,0.0,63.96,4.44,7.7369
2022-07-13,26.52,31.42,22.22,0.0,57.05,5.53,8.0398
2022-07-14,26.23,30.78,22.38,0.0,57.08,5.22,8.4422
2022-07-15,26.51,32.15,21.46,0.0,56.26,3.48,8.1653
2022-07-16,26.64,31.77,21.99,0.0,62.73,3.85,7.5737
2022-07-17,27.66,34.15,21.74,0.0,63.32,3.61,8.209
2022-07-18,28.97,35.63,22.54,0.0,62.9,3.13,8.0585
2022-07-19,29.68,36.26,24.43,0.0,62.66,3.75,8.0921
2022-07-20,28.99,35.68,24.47,0.0,60.75,4.42,8.0549
2022-07-21,28.03,33.69,23.67,0.0,58.95,4.24,8.0465
2022-07-22,28.27,34.62,23.34,0.0,58.51,3.53,8.2361
2022-07-23,27.87,34.95,21.93,0.0,65.11,3.94,8.1799
2022-07-24,28.97,35.96,22.98,0.0,59.97,3.99,8.195
2022-07-25,28.84,36.43,22.25,0.08,58.95,2.9,8.196
2022-07-26,28.64,36.19,22.59,0.16,63.83,3.07,8.0755
2022-07-27,28.85,36.2,22.74,0.15,58.44,2.4,7.6759
2022-07-28,29.64,36.89,22.89,0.01,52.9,2.67,8.1295
2022-07-29,29.18,35.72,23.51,0.0,53.85,2.72,8.0136
2022-07-30,28.02,34.08,22.54,0.0,63.21,3.36,7.9142
2022-07-31,28.48,34.36,23.27,0.0,66.79,4.03,7.511
2022-08-01,28.81,35.07,23.92,0.0,62.53,3.97,7.7966
2022-08-02,28.52,34.05,24.04,0.0,62.81,4.36,7.5089
2022-08-03,27.83,33.3,23.07,0.0,61.12,4.12,7.8216
2022-08-04,27.62,33.52,22.84,0.0,63.63,3.56,7.6238
2022-08-05,27.91,33.29,23.59,0.0,66.17,3.55,7.1258
2022-08-06,27.79,33.72,23.16,0.0,59.13,3.07,7.644
2022-08-07,28.55,34.77,22.88,0.0,58.63,2.66,7.4453
2022-08-08,29.1,34.99,24.35,0.0,56.18,2.71,7.2768
2022-08-09,28.91,35.19,24.05,0.0,62.03,3.14,7.1698
2022-08-10,28.59,34.24,24.28,0.0,64.45,3.32,7.0135
2022-08-11,28.64,34.52,23.99,0.0,60.5,2.92,7.589
2022-08-12,27.78,32.9,23.6,0.0,60.82,3.23,7.3339
2022-08-13,28.08,33.07,23.94,0.0,59.06,4.0,7.4446
2022-08-14,28.44,34.22,23.91,0.0,63.13,3.72,7.092
2022-08-15,27.96,33.4,23.52,0.0,65.08,3.14,6.8923
2022-08-16,27.84,33.36,24.04,0.0,65.11,3.16,7.5521
2022-08-17,27.5,32.97,23.55,0.0,63.57,3.51,7.5802
2022-08-18,28.4,34.74,23.36,0.0,62.62,3.25,7.2691
2022-08-19,28.7,34.9,23.11,0.0,66.99,3.29,6.5484
2022-08-20,29.41,35.72,24.47,0.0,65.31,3.68,7.013
2022-08-21,29.68,35.96,23.95,0.0,64.36,3.58,6.9168
2022-08-22,29.92,35.89,24.85,0.0,58.05,3.06,6.8945
2022-08-23,30.66,37.35,25.22,0.0,51.08,2.45,7.0838
2022-08-24,30.86,38.32,25.08,0.0,52.74,3.5,6.8407
2022-08-25,28.86,34.06,24.99,0.0,61.99,3.56,6.971
2022-08-26,28.56,34.87,24.06,0.0,57.73,2.35,7.1357
2022-08-27,29.15,35.35,23.87,0.0,51.59,3.25,7.0013
2022-08-28,28.64,34.69,24.32,0.0,60.31,3.8,7.0253
2022-08-29,27.91,33.22,23.86,0.0,65.6,3.6,6.7248
2022-08-30,28.44,34.56,24.37,0.01,64.92,3.08,6.7366
2022-08-31,27.7,33.5,23.59,0.01,67.5,3.2,6.8196
2022-09-01,27.59,33.3,23.11,0.0,62.32,3.37,6.8664
2022-09-02,27.7,33.53,23.21,0.0,63.8,2.98,6.6828
2022-09-03,27.97,34.38,24.08,0.0,66.92,2.91,6.605
2022-09-04,27.93,33.72,23.85,0.0,66.72,3.5,6.7303
2022-09-05,27.75,32.61,23.8,0.0,66.35,4.0,6.4001
2022-09-06,28.08,32.25,25.39,0.0,62.41,4.74,6.509
2022-09-07,27.85,32.18,24.87,0.0,63.08,4.31,6.1613
2022-09-08,28.01,33.74,23.64,0.0,65.18,3.54,6.0317
2022-09-09,27.81,33.21,24.08,0.0,65.95,3.94,6.4644
2022-09-10,27.37,32.92,23.15,0.0,57.36,3.53,6.8225
2022-09-11,28.35,35.7,22.01,0.0,62.83,3.17,6.5539
2022-09-12,28.2,34.46,23.45,0.0,67.26,3.37,6.1423
2022-09-13,27.63,33.17,23.68,0.0,62.75,3.54,6.3554
2022-09-14,27.13,32.51,22.88,0.0,53.41,3.6,6.5153
2022-09-15,25.68,30.53,21.92,0.0,58.35,3.09,6.2306
2022-09-16,26.45,32.34,22.28,0.0,53.84,2.29,6.2554
2022-09-17,26.35,32.28,22.84,0.0,57.44,2.23,6.1126
2022-09-18,25.89,31.56,22.03,0.0,59.14,2.16,5.8361
2022-09-19,26.93,33.22,21.97,0.04,63.5,2.91,5.8596
2022-09-20,25.99,31.41,22.25,0.01,63.82,2.94,6.1634
2022-09-21,25.7,30.78,21.66,0.0,61.41,2.95,6.2458
2022-09-22,27.04,33.81,21.61,0.0,57.95,3.33,5.8898
2022-09-23,26.93,32.27,23.4,0.0,55.72,3.86,5.9455
2022-09-24,26.72,32.87,22.21,0.0,56.66,4.47,5.418
2022-09-25,28.34,35.53,22.9,0.0,57.51,4.03,5.2421
2022-09-26,28.76,36.04,23.68,0.0,61.81,3.41,5.4192
2022-09-27,27.59,34.3,22.81,0.0,62.95,2.71,5.8553
2022-09-28,28.07,36.17,21.76,0.0,56.85,2.21,5.5282
2022-09-29,29.92,38.96,23.06,0.0,46.64,3.06,5.37
2022-09-30,30.38,39.08,23.44,0.0,54.88,3.31,5.5438
2022-10-01,28.88,36.09,24.0,0.0,63.9,3.38,5.6081
2022-10-02,28.78,36.77,23.24,0.0,69.96,3.44,5.5524
2022-10-03,26.39,30.64,23.07,0.0,62.28,4.53,5.4691
2022-10-04,25.36,30.2,22.03,0.0,61.06,3.4,5.5438
2022-10-05,25.37,30.76,21.69,0.0,61.42,3.92,5.5711
2022-10-06,24.61,29.32,21.26,0.0,55.6,4.07,5.1252
2022-10-07,23.87,27.82,20.75,0.0,51.62,3.3,5.2358
2022-10-08,24.14,28.38,21.21,0.0,53.5,3.28,4.2182
2022-10-09,23.65,28.18,20.91,0.0,62.02,3.41,4.7282
2022-10-10,23.57,28.22,20.8,0.0,64.16,3.16,5.1895
2022-10-11,23.88,29.13,20.35,0.0,66.73,2.99,5.1281
2022-10-12,23.84,28.65,20.68,0.0,68.64,3.13,4.8355
2022-10-13,24.29,29.33,20.83,0.05,63.42,3.64,4.9807
2022-10-14,23.32,27.97,20.06,0.02,64.81,2.62,4.907
2022-10-15,24.89,32.6,18.69,0.09,60.98,3.65,3.8602
2022-10-16,24.42,28.53,21.56,0.72,66.53,5.04,4.1918
2022-10-17,24.01,27.7,21.0,0.23,62.19,4.84,4.3644
2022-10-18,23.29,27.97,20.22,0.26,66.55,3.43,4.279
2022-10-19,23.3,27.68,20.44,0.37,69.1,3.17,4.4635
2022-10-20,23.33,28.1,20.31,0.14,68.06,2.4,4.4794
2022-10-21,22.39,26.62,19.2,0.46,71.71,2.85,3.7378
2022-10-22,23.13,27.68,19.76,0.24,63.3,3.41,4.5576
2022-10-23,23.71,28.28,20.42,0.55,62.87,2.63,3.9283
2022-10-24,22.74,27.72,19.7,0.02,59.75,2.46,4.8607
2022-10-25,22.55,27.04,18.99,1.16,66.46,2.98,4.5528
2022-10-26,23.23,27.95,19.96,0.91,69.35,3.37,4.3783
2022-10-27,23.54,28.98,19.61,0.02,67.66,3.0,4.415
2022-10-28,23.28,28.9,19.59,0.0,61.7,3.04,4.5163
2022-10-29,22.52,27.74,18.97,0.03,68.54,2.83,4.3229
2022-10-30,21.73,26.77,18.1,0.01,67.9,2.71,4.3097
2022-10-31,21.85,26.83,18.45,0.11,65.5,2.24,3.8066
2022-11-01,21.09,25.21,18.25,0.79,66.83,2.36,3.4507
2022-11-02,21.04,25.77,17.81,0.0,65.48,3.17,4.1287
2022-11-03,21.6,26.76,18.12,0.0,68.46,2.34,4.1566
2022-11-04,21.01,26.01,18.25,0.0,64.79,1.87,4.0493
2022-11-05,20.58,25.45,17.89,0.0,62.03,1.42,4.0728
2022-11-06,20.94,26.27,16.41,0.0,55.78,1.74,4.0819
2022-11-07,20.53,26.21,15.86,0.83,58.92,4.52,3.6487
2022-11-08,20.81,24.74,18.13,1.62,69.67,3.55,3.7644
2022-11-09,20.02,24.32,17.26,0.29,68.28,2.8,3.8686
2022-11-10,20.45,25.42,17.19,0.07,64.69,2.63,3.8995
2022-11-11,20.96,25.53,17.46,0.18,62.92,3.28,3.5743
2022-11-12,21.11,25.05,18.79,1.71,66.93,3.34,3.6967
2022-11-13,21.54,26.74,18.2,0.17,68.75,3.4,2.8694
2022-11-14,20.66,25.09,17.77,0.06,65.03,3.29,3.2954
2022-11-15,20.19,24.51,17.33,0.13,59.43,2.47,2.8493
2022-11-16,19.41,24.12,16.37,1.68,67.2,2.79,3.6703
2022-11-17,20.0,24.59,16.64,0.66,66.17,2.43,3.66
2022-11-18,19.46,26.41,14.32,0.0,50.38,2.73,4.0337
2022-11-19,19.89,26.87,14.54,0.0,46.56,1.8,3.8213
2022-11-20,20.99,28.06,15.79,0.0,68.09,3.61,3.8628
2022-11-21,20.21,24.56,17.72,0.0,75.26,1.87,3.1843
2022-11-22,19.61,24.55,16.34,0.0,74.92,2.7,3.6348
2022-11-23,19.63,24.3,17.19,0.0,62.69,1.39,3.1286
2022-11-24,19.92,24.11,16.44,0.02,51.61,3.89,3.1778
2022-11-25,20.13,23.67,18.01,0.05,62.3,5.54,3.3492
2022-11-26,19.31,22.35,16.92,0.01,57.0,2.96,3.3845
2022-11-27,18.6,22.48,15.62,0.0,55.39,1.69,2.5666
2022-11-28,17.23,20.93,14.2,0.0,61.59,1.74,1.9291
2022-11-29,18.0,23.0,14.28,0.0,66.05,2.38,3.3305
2022-11-30,19.01,24.16,15.61,0.0,63.45,1.28,3.5921
2022-12-01,17.7,24.35,12.58,0.0,70.67,1.87,3.4087
2022-12-02,19.52,25.15,15.52,0.01,71.52,2.11,2.2442
2022-12-03,20.29,25.65,16.55,0.03,66.22,3.42,2.6712
2022-12-04,18.7,22.69,15.66,0.07,68.02,3.65,3.2386
2022-12-05,18.8,22.18,16.81,0.31,66.42,3.66,3.0096
2022-12-06,18.25,21.99,15.87,0.37,67.87,2.74,2.9753
2022-12-07,17.88,22.16,14.42,0.01,62.8,1.12,3.0677
2022-12-08,17.7,23.59,11.66,0.0,53.61,1.62,3.425
2022-12-09,19.04,25.86,14.39,0.0,43.62,1.52,3.2758
2022-12-10,18.85,24.84,15.22,0.0,62.11,1.3,3.3787
2022-12-11,18.11,24.19,12.08,0.0,62.28,1.96,3.0295
2022-12-12,18.37,24.88,13.15,0.0,61.13,2.47,3.1975
2022-12-13,19.07,23.34,16.14,0.0,70.83,2.41,3.186
2022-12-14,19.07,24.37,15.05,0.0,60.62,3.3,2.8901
2022-12-15,18.54,24.69,14.28,0.0,69.82,1.75,3.3535
2022-12-16,18.51,24.37,14.48,0.0,80.95,2.43,3.2698
2022-12-17,18.96,25.15,14.61,0.16,81.89,3.2,3.2556
2022-12-18,19.67,26.4,16.0,0.14,79.52,3.81,3.1898
2022-12-19,18.4,23.67,15.36,0.09,78.21,3.65,3.2441
2022-12-20,17.87,22.02,15.05,0.52,78.82,3.91,2.5795
2022-12-21,17.14,20.23,14.64,0.17,66.45,3.73,1.8931
2022-12-22,16.71,19.76,14.67,6.51,77.17,2.39,1.3774
2022-12-23,16.38,20.49,13.69,2.84,79.34,2.77,2.3822
2022-12-24,15.49,17.55,13.97,21.35,86.02,1.98,1.4371
2022-12-25,16.24,20.0,13.64,5.74,77.37,3.23,1.8667
2022-12-26,16.92,20.86,13.77,0.11,69.98,4.41,3.1802
2022-12-27,16.65,22.03,12.71,0.0,63.85,2.39,3.1258
2022-12-28,16.28,20.83,13.58,0.04,68.82,1.1,3.2594
2022-12-29,16.31,21.9,11.33,0.51,72.61,1.62,3.0182
2022-12-30,17.01,21.22,14.3,1.25,77.78,3.01,3.3089
2022-12-31,16.15,21.05,13.16,0.08,74.22,3.24,2.9522
2023-01-01,16.51,19.72,13.54,0.89,73.51,3.76,2.5121
2023-01-02,16.8,22.2,13.57,1.71,79.7,3.6,2.7341
2023-01-03,15.94,19.57,13.01,4.66,82.09,3.31,2.8711
2023-01-04,16.51,19.9,13.06,1.89,74.71,3.44,3.1466
2023-01-05,15.85,19.52,12.19,0.25,75.38,2.53,2.8433
2023-01-06,17.38,21.47,14.5,0.02,67.43,2.66,3.1193
2023-01-07,16.65,21.51,13.66,0.16,70.94,2.05,2.0189
2023-01-08,15.8,19.4,13.39,3.07,80.13,3.04,1.7647
2023-01-09,15.4,19.37,12.41,0.97,79.02,2.83,3.3252
2023-01-10,15.06,20.76,11.32,0.05,76.18,1.37,2.4401
2023-01-11,14.57,20.11,10.5,0.34,64.49,3.46,3.4488
2023-01-12,14.62,18.1,11.38,3.12,73.47,4.11,2.6066
2023-01-13,15.59,19.27,13.94,1.86,70.17,3.96,2.4941
2023-01-14,15.17,18.59,12.64,0.7,72.45,3.93,3.0348
2023-01-15,15.09,19.39,12.07,0.11,66.1,3.03,2.3959
2023-01-16,13.74,17.73,11.03,0.87,69.73,2.8,2.7154
2023-01-17,15.99,20.47,12.03,0.01,69.86,1.01,3.4961
2023-01-18,14.31,20.92,9.17,0.0,72.25,2.19,3.787
2023-01-19,15.26,22.77,9.58,0.01,77.98,2.49,3.8477
2023-01-20,14.77,21.59,9.8,0.02,73.57,2.23,3.7625
2023-01-21,14.99,20.11,11.61,1.12,72.54,1.42,3.7162
2023-01-22,15.18,20.54,11.99,0.44,80.05,2.65,3.9137
2023-01-23,15.11,20.76,10.89,0.17,78.82,2.84,3.7426
2023-01-24,15.52,21.01,12.05,1.96,81.22,3.15,3.5165
2023-01-25,14.7,20.29,11.05,0.38,78.49,2.48,4.0416
2023-01-26,14.65,22.09,8.75,0.54,72.14,2.79,3.9516
2023-01-27,15.44,22.97,9.78,0.03,54.81,3.83,2.8073
2023-01-28,16.45,21.66,12.52,0.0,69.7,2.25,4.1839
2023-01-29,15.85,21.72,12.44,0.0,63.62,1.95,3.953
2023-01-30,15.05,19.66,12.36,0.18,66.73,3.38,3.9137
2023-01-31,14.48,17.59,12.31,6.2,67.32,5.28,3.3074
2023-02-01,13.15,16.45,10.63,4.85,67.4,6.26,2.719
2023-02-02,13.8,18.7,10.04,0.13,62.11,3.15,2.6078
2023-02-03,14.22,18.14,11.98,1.12,71.4,2.54,2.6357
2023-02-04,14.23,18.3,11.4,1.0,70.3,3.86,3.8695
2023-02-05,14.34,19.09,10.8,1.48,60.73,5.84,3.774
2023-02-06,12.65,15.27,10.87,4.22,64.79,6.86,3.1826
2023-02-07,12.2,15.53,10.0,1.29,65.52,4.86,3.5515
2023-02-08,12.23,15.8,9.63,3.86,66.02,3.42,3.1404
2023-02-09,11.99,16.74,8.26,0.0,60.32,2.18,3.6749
2023-02-10,12.78,17.62,9.28,2.1,71.23,2.92,3.2818
2023-02-11,12.38,15.25,9.72,19.2,75.5,3.74,1.5535
2023-02-12,12.45,16.87,9.04,1.09,68.82,2.82,3.4025
2023-02-13,12.64,16.33,9.55,2.68,69.94,2.41,3.0492
2023-02-14,12.57,16.68,9.39,3.36,70.65,2.33,3.3823
2023-02-15,13.18,16.94,10.32,1.73,68.84,3.17,3.5669
2023-02-16,13.72,17.77,10.66,0.59,65.39,2.8,2.9671
2023-02-17,14.11,19.41,10.46,0.02,67.55,2.42,3.7466
2023-02-18,13.36,18.77,9.81,0.0,71.67,3.02,3.3962
2023-02-19,12.98,18.56,9.01,0.0,74.13,2.87,3.9374
2023-02-20,14.01,19.23,9.35,0.0,71.8,2.85,3.1812
2023-02-21,15.66,20.52,12.76,0.0,69.07,2.11,2.369
2023-02-22,15.48,20.18,12.58,0.0,69.15,1.63,3.6149
2023-02-23,15.66,19.93,12.86,0.0,68.5,2.25,2.8807
2023-02-24,15.67,20.54,12.52,0.0,70.92,1.81,3.9278
2023-02-25,16.8,22.35,13.04,0.0,72.27,1.76,5.089
2023-02-26,16.32,23.1,10.29,0.0,70.24,1.9,5.1041
2023-02-27,16.8,25.33,10.73,0.0,74.59,3.12,5.011
2023-02-28,18.99,29.03,12.12,0.0,66.91,1.52,5.1768
2023-03-01,19.82,29.98,13.15,0.0,54.92,1.41,5.1295
2023-03-02,19.92,29.96,14.03,0.0,48.91,3.84,4.872
2023-03-03,18.63,24.51,14.65,0.0,72.92,3.27,5.3594
2023-03-04,19.23,27.68,11.96,0.0,56.49,2.42,5.5279
2023-03-05,17.86,26.86,12.96,0.0,60.74,4.43,5.2886
2023-03-06,16.13,20.77,12.52,0.0,70.7,3.53,5.5505
2023-03-07,15.48,20.71,12.18,0.0,68.3,2.18,5.0402
2023-03-08,16.17,22.12,12.41,0.0,60.03,1.89,5.6594
2023-03-09,17.99,26.02,11.5,0.0,51.6,3.73,5.5286
2023-03-10,17.72,26.47,10.39,0.0,59.52,3.05,5.6167
2023-03-11,18.93,25.08,14.09,0.0,62.81,1.74,5.3614
2023-03-12,18.56,24.75,13.66,0.0,55.32,3.36,5.0933
2023-03-13,17.87,23.37,14.48,1.5,71.12,4.23,4.7729
2023-03-14,15.86,19.89,12.63,3.48,70.8,4.08,4.224
2023-03-15,16.24,20.25,12.98,0.12,57.39,3.08,5.6966
2023-03-16,17.64,25.58,10.28,0.0,52.07,3.57,5.4125
2023-03-17,16.89,21.34,13.11,0.09,67.7,3.47,5.2802
2023-03-18,15.33,19.14,12.4,1.95,72.83,4.36,4.7237
2023-03-19,15.39,18.88,11.83,1.59,69.76,5.16,4.6966
2023-03-20,16.59,19.79,14.65,0.28,66.71,4.85,3.7291
2023-03-21,16.98,22.75,12.45,0.01,69.58,2.23,5.0362
2023-03-22,17.54,23.72,11.29,0.03,61.42,1.95,3.2114
2023-03-23,19.14,24.7,15.2,0.81,59.83,1.7,3.7438
2023-03-24,20.18,27.07,14.68,8.57,64.1,2.76,3.2801
2023-03-25,18.21,22.45,14.35,0.45,73.59,5.43,5.4487
2023-03-26,16.66,21.75,12.74,0.01,75.15,3.43,5.621
2023-03-27,17.6,24.3,12.79,0.14,75.39,2.37,5.0261
2023-03-28,18.98,27.57,11.3,0.0,67.58,3.8,6.5508
2023-03-29,16.04,20.03,12.41,0.0,60.38,5.4,5.6748
2023-03-30,14.86,18.5,11.79,0.05,53.92,5.59,6.4558
2023-03-31,14.96,19.95,10.37,0.01,59.08,3.54,6.6053
2023-04-01,17.56,23.59,12.41,0.0,49.92,1.83,6.9053
2023-04-02,18.71,26.75,11.79,0.0,49.03,2.82,7.205
2023-04-03,20.72,29.5,11.99,0.0,41.75,2.74,7.3238
2023-04-04,18.5,24.79,12.98,0.0,51.38,3.66,6.1608
2023-04-05,17.9,23.46,13.44,0.0,66.37,2.58,6.3346
2023-04-06,19.39,26.04,13.49,0.0,52.78,0.91,6.4814
2023-04-07,19.35,24.75,15.48,0.0,58.54,4.2,5.7413
2023-04-08,19.84,26.32,15.16,0.0,71.3,3.57,4.7746
2023-04-09,21.99,30.37,16.59,0.01,65.87,3.55,3.3725
2023-04-10,19.44,23.85,15.72,0.0,72.29,5.46,5.9198
2023-04-11,17.18,21.16,13.5,4.28,61.9,4.44,6.4411
2023-04-12,15.72,18.77,13.21,11.71,71.32,5.62,6.1517
2023-04-13,17.36,22.38,13.06,0.03,66.64,4.0,6.5762
2023-04-14,19.62,27.09,12.82,0.0,58.37,2.08,7.0903
2023-04-15,20.48,27.62,15.41,0.0,57.5,3.13,7.4026
2023-04-16,20.12,29.4,12.39,0.0,54.39,2.25,7.4321
2023-04-17,22.57,33.28,13.25,0.0,51.81,2.79,7.5578
2023-04-18,24.15,34.77,17.05,0.0,53.77,3.72,6.821
2023-04-19,20.28,26.35,16.31,0.0,69.9,3.85,3.4884
2023-04-20,18.98,24.32,14.23,0.0,69.36,4.02,7.4354
2023-04-21,19.05,24.88,14.4,0.0,63.16,2.74,6.5947
2023-04-22,20.15,27.92,13.91,0.0,60.4,3.17,6.1142
2023-04-23,20.79,27.76,15.21,0.0,57.66,3.19,6.7644
2023-04-24,21.14,27.91,15.22,0.0,62.21,3.11,7.6639
2023-04-25,21.61,29.27,14.83,0.0,56.6,2.32,7.4129
2023-04-26,22.2,29.21,16.31,0.0,49.92,2.16,7.2814
2023-04-27,21.31,28.66,15.77,0.0,55.29,4.4,7.501
2023-04-28,19.09,23.76,15.11,0.0,59.8,4.84,6.9703
2023-04-29,18.41,22.2,15.8,0.0,56.72,5.9,6.6715
2023-04-30,18.61,23.39,14.92,0.0,55.56,3.55,7.5274
2023-05-01,20.5,27.34,14.88,0.0,52.61,2.19,7.2199
2023-05-02,21.0,28.62,13.84,0.0,53.88,3.21,7.375
2023-05-03,23.23,32.18,15.39,0.0,46.02,4.16,7.6082
2023-05-04,25.18,33.3,16.62,0.01,43.82,4.34,7.151
2023-05-05,21.23,26.19,17.21,0.08,64.06,6.68,7.5319
2023-05-06,20.48,25.33,16.66,0.26,69.87,4.48,7.1035
2023-05-07,20.33,25.38,16.37,0.0,68.67,3.78,6.7934
2023-05-08,19.78,24.65,15.66,0.0,69.22,3.2,6.9288
2023-05-09,21.01,27.89,15.49,0.0,66.69,2.82,6.6998
2023-05-10,22.29,29.77,16.19,0.0,59.76,3.25,7.0738
2023-05-11,23.64,31.82,18.43,0.0,59.14,5.02,5.1607
2023-05-12,21.36,26.31,17.72,0.05,68.28,5.14,7.4962
2023-05-13,21.01,26.69,16.23,0.01,65.07,3.6,7.9246
2023-05-14,20.89,26.96,15.56,0.03,66.51,3.1,7.1863
2023-05-15,23.91,33.18,16.09,0.04,60.29,3.4,7.3654
2023-05-16,25.2,34.15,18.1,0.05,56.19,2.29,7.2312
2023-05-17,22.92,29.78,18.39,0.0,60.87,4.18,7.3003
2023-05-18,21.33,26.64,17.29,0.0,65.19,4.48,7.6896
2023-05-19,20.83,25.91,16.99,0.0,64.26,3.53,7.6111
2023-05-20,22.0,27.74,17.01,0.0,61.34,3.13,7.6709
2023-05-21,26.0,35.87,16.81,0.0,49.2,4.49,6.019
2023-05-22,22.09,26.59,18.39,0.0,68.57,5.54,7.0366
2023-05-23,24.05,31.69,17.34,0.0,58.93,2.81,7.5238
2023-05-24,23.16,28.81,18.33,0.0,65.28,3.17,7.415
2023-05-25,23.63,30.49,17.08,0.0,58.55,2.5,7.5742
2023-05-26,26.64,33.81,20.99,0.0,47.11,4.09,4.9781
2023-05-27,28.11,35.35,21.85,0.0,41.93,2.86,6.701
2023-05-28,23.81,27.51,19.93,0.0,67.95,4.59,6.9086
2023-05-29,23.6,28.95,18.39,0.0,65.03,3.35,7.5593
2023-05-30,25.02,31.15,19.45,0.0,53.41,2.64,7.7424
2023-05-31,26.13,35.15,19.79,0.02,48.83,3.81,5.9717
2023-06-01,28.36,38.03,22.33,1.49,46.32,3.38,2.4122
2023-06-02,28.21,34.98,21.9,0.0,50.42,5.55,6.9614
2023-06-03,24.14,29.77,19.69,0.0,66.19,3.26,7.4474
2023-06-04,23.32,28.91,18.48,0.0,62.26,2.91,7.3008
2023-06-05,23.25,29.25,18.11,0.0,59.56,3.46,8.01
2023-06-06,23.74,30.22,18.87,0.0,65.02,2.95,6.0173
2023-06-07,26.36,33.58,19.32,0.01,58.72,2.96,7.0428
2023-06-08,28.85,37.19,23.13,0.02,50.64,3.43,5.8481
2023-06-09,26.76,33.03,22.37,0.0,63.74,4.35,7.2588
2023-06-10,25.69,31.44,21.08,0.04,64.27,4.01,7.5641
2023-06-11,25.84,32.97,19.88,0.14,61.84,3.84,7.3294
2023-06-12,25.53,30.8,19.88,0.31,61.97,3.15,7.3584
2023-06-13,26.07,33.27,21.43,0.14,61.47,3.15,5.8291
2023-06-14,24.52,29.75,19.68,0.41,68.52,3.34,7.8718
2023-06-15,26.11,32.42,20.3,0.05,60.14,2.41,8.1194
2023-06-16,28.95,38.76,20.15,0.0,46.1,3.41,6.9487
2023-06-17,26.22,30.59,23.02,0.0,63.03,4.06,7.8156
2023-06-18,25.83,31.07,21.0,0.0,57.09,3.47,7.5216
2023-06-19,24.76,29.33,21.25,0.0,62.03,3.85,7.687
2023-06-20,25.62,30.88,22.01,0.0,65.45,4.1,7.3807
2023-06-21,25.66,31.37,20.71,0.0,67.96,4.18,7.7736
2023-06-22,25.59,31.28,20.61,0.0,67.79,3.72,7.1981
2023-06-23,27.51,34.06,21.44,0.0,63.86,3.41,7.6114
2023-06-24,28.46,35.36,22.26,0.0,60.9,2.9,7.985
2023-06-25,26.96,32.85,21.62,0.0,53.96,3.52,8.3892
2023-06-26,26.73,33.18,21.26,0.0,53.74,2.98,8.0261
2023-06-27,27.06,33.11,22.06,0.0,66.6,4.0,7.9306
2023-06-28,27.22,33.32,21.83,0.0,65.97,3.5,8.0285
2023-06-29,27.31,33.35,22.13,0.0,65.44,3.81,8.1264
2023-06-30,27.44,34.4,21.51,0.0,66.89,4.45,7.8595
2023-07-01,27.47,32.82,22.99,0.0,60.66,4.62,7.7114
2023-07-02,28.17,34.19,22.55,0.0,63.88,3.04,7.4167
2023-07-03,30.39,39.42,22.28,0.0,52.03,2.21,7.8235
2023-07-04,27.5,33.44,23.22,0.0,66.03,3.67,7.8043
2023-07-05,26.58,31.88,22.64,0.0,67.97,3.44,7.5278
2023-07-06,27.52,33.14,22.57,0.0,66.27,3.27,7.5624
2023-07-07,28.32,34.53,23.09,0.0,69.58,4.29,7.6147
2023-07-08,28.48,34.2,24.03,0.0,66.62,5.16,8.1634
2023-07-09,27.85,32.74,24.59,0.0,65.26,6.25,8.1742
2023-07-10,28.32,34.45,23.21,0.0,61.63,4.74,8.1446
2023-07-11,28.77,35.33,22.94,0.0,56.93,3.62,8.2267
2023-07-12,28.27,34.92,22.8,0.0,57.83,3.48,8.4134
2023-07-13,28.26,35.21,21.97,0.0,54.94,3.11,8.4473
2023-07-14,29.95,37.97,22.26,0.0,58.63,3.07,8.2476
2023-07-15,30.0,37.3,23.37,0.0,60.84,3.17,8.1535
2023-07-16,31.23,39.88,23.5,0.0,60.62,2.86,8.0966
2023-07-17,30.06,37.83,24.51,0.0,64.33,3.44,8.0748
2023-07-18,28.89,35.33,23.81,0.0,63.53,4.06,8.1432
2023-07-19,28.64,35.3,23.14,0.0,61.94,3.27,7.9812
2023-07-20,29.01,36.0,23.34,0.0,60.64,2.61,7.8914
2023-07-21,30.16,37.36,23.9,0.0,58.57,3.04,8.0573
2023-07-22,30.84,38.48,24.53,0.0,64.15,3.66,7.8926
2023-07-23,32.05,40.55,24.84,0.0,59.41,3.33,8.0825
2023-07-24,30.53,37.37,25.08,0.0,67.38,4.54,7.8648
2023-07-25,30.56,37.64,24.97,0.0,62.68,4.19,7.9255
2023-07-26,30.83,37.71,24.7,0.0,55.23,2.77,8.1074
2023-07-27,31.16,38.7,25.21,0.0,48.87,2.35,7.8166
2023-07-28,30.39,37.37,25.74,0.0,66.55,3.63,7.2166
2023-07-29,28.82,34.41,24.28,0.0,52.61,4.78,8.0921
2023-07-30,28.47,33.51,24.71,0.0,56.33,4.59,7.925
2023-07-31,28.76,34.95,23.79,0.0,59.76,3.53,7.9217
2023-08-01,28.85,35.27,23.44,0.0,55.83,2.77,7.9548
2023-08-02,28.93,36.07,22.8,0.0,58.19,2.6,7.8926
2023-08-03,28.98,35.7,23.52,0.0,54.92,2.48,7.9872
2023-08-04,30.35,36.4,24.48,0.0,48.21,2.62,8.0642
2023-08-05,31.92,38.68,25.5,0.0,37.67,2.0,7.7952
2023-08-06,32.18,40.72,25.58,0.0,45.35,3.04,7.6462
2023-08-07,29.31,35.34,25.5,0.0,66.42,3.54,7.3997
2023-08-08,28.51,33.7,24.85,0.0,62.44,3.25,7.5094
2023-08-09,28.12,33.43,24.08,0.0,61.43,2.89,7.5559
2023-08-10,28.37,33.6,24.56,0.0,61.86,3.62,7.4621
2023-08-11,28.62,33.57,24.2,0.0,60.58,4.47,7.3442
2023-08-12,28.08,32.81,25.04,0.0,63.54,4.5,7.3058
2023-08-13,27.69,32.63,24.08,0.0,62.11,4.24,7.224
2023-08-14,27.73,32.89,23.67,0.0,65.13,3.85,6.925
2023-08-15,27.93,33.0,23.79,0.0,62.93,3.95,7.1395
2023-08-16,28.23,33.04,24.88,0.0,61.67,4.07,7.0853
2023-08-17,28.54,33.9,23.74,0.0,60.5,3.56,7.2562
2023-08-18,29.0,34.87,24.37,0.0,57.33,2.71,7.2156
2023-08-19,28.2,34.38,23.37,0.0,66.45,2.84,7.3615
2023-08-20,28.06,33.33,23.62,0.0,67.08,2.97,7.1347
2023-08-21,28.37,34.0,24.65,0.0,65.61,2.97,7.0178
2023-08-22,28.58,34.73,24.11,0.0,62.0,2.57,7.0402
2023-08-23,28.16,34.28,23.64,0.0,58.99,2.4,7.1734
2023-08-24,28.83,35.6,23.91,0.0,66.45,2.93,7.0145
2023-08-25,30.26,37.39,24.85,0.0,67.48,3.37,6.899
2023-08-26,30.94,37.7,25.04,0.0,61.25,2.97,6.1303
2023-08-27,30.21,36.15,25.01,0.0,62.62,2.92,6.0401
2023-08-28,29.07,34.73,24.56,0.0,63.31,3.64,6.1558
2023-08-29,28.89,34.54,24.85,0.0,64.93,3.58,6.9773
2023-08-30,30.09,37.2,24.79,0.0,59.91,2.51,6.3929
2023-08-31,29.15,35.43,24.95,0.0,66.96,3.38,6.6106
2023-09-01,27.95,33.59,23.97,0.0,62.31,3.61,6.8758
2023-09-02,28.78,34.85,24.59,0.0,63.51,3.98,6.6679
2023-09-03,28.29,32.88,24.44,0.0,59.26,3.94,6.4627
2023-09-04,28.14,32.61,24.98,0.0,60.12,2.96,5.9731
2023-09-05,29.83,36.01,24.24,0.0,54.31,2.37,6.4987
2023-09-06,31.15,38.16,24.56,0.0,50.57,2.92,6.6557
2023-09-07,33.83,42.92,25.58,0.0,39.52,2.73,6.4543
2023-09-08,30.69,36.33,26.6,0.0,62.02,3.64,6.5743
2023-09-09,30.43,36.81,25.0,0.0,54.95,3.15,6.6751
2023-09-10,31.06,37.31,25.49,0.01,51.5,2.39,6.5863
2023-09-11,31.12,35.76,27.1,0.06,47.03,3.21,4.8338
2023-09-12,28.71,31.17,26.41,0.5,63.41,4.35,2.4487
2023-09-13,27.88,32.49,24.33,0.0,59.68,4.26,6.5606
2023-09-14,27.16,32.46,23.36,0.0,62.06,3.79,6.5623
2023-09-15,27.83,33.69,23.82,0.0,61.02,3.3,6.5606
2023-09-16,27.82,34.35,23.63,0.0,60.0,2.49,6.4846
2023-09-17,28.16,34.46,23.54,0.0,65.67,4.0,6.2748
2023-09-18,27.17,32.03,23.2,0.0,64.6,3.9,5.9491
2023-09-19,27.21,32.25,23.4,0.0,63.53,3.38,5.9222
2023-09-20,26.87,31.81,22.92,0.0,62.75,3.37,5.9412
2023-09-21,27.14,32.8,23.32,0.0,63.68,3.61,6.205
2023-09-22,28.03,34.5,23.35,0.0,64.78,2.57,6.2606
2023-09-23,27.82,34.74,22.81,0.0,64.59,2.66,6.3636
2023-09-24,28.33,35.73,22.92,0.0,66.61,2.7,6.2275
2023-09-25,28.15,35.49,22.74,0.0,68.29,2.49,6.1774
2023-09-26,27.9,34.95,22.99,0.0,62.99,2.34,6.0019
2023-09-27,28.72,37.33,21.48,0.0,57.84,2.04,5.8714
2023-09-28,29.26,38.38,22.79,0.02,62.67,2.84,5.779
2023-09-29,29.06,35.64,24.28,0.02,62.47,2.82,5.7322
2023-09-30,27.3,32.54,23.71,0.01,61.52,3.16,4.3579
2023-10-01,26.27,29.74,24.12,0.0,60.37,3.79,4.3548
2023-10-02,25.65,28.53,23.21,0.02,57.47,3.35,5.1689
2023-10-03,25.58,29.67,22.22,0.05,59.9,3.29,4.9152
2023-10-04,25.8,30.27,22.85,0.05,64.43,3.0,3.5494
2023-10-05,26.72,32.12,23.02,0.02,64.26,3.88,5.0042
2023-10-06,26.14,30.82,22.79,0.0,63.04,3.62,5.1526
2023-10-07,25.05,30.32,21.57,0.36,62.88,2.65,3.5926
2023-10-08,24.91,29.26,22.15,0.08,63.71,2.49,3.1793
2023-10-09,24.91,29.58,21.81,0.0,66.38,3.19,4.8122
2023-10-10,25.03,29.61,21.66,0.0,62.02,3.76,5.0155
2023-10-11,25.08,29.5,22.05,0.0,60.65,3.79,4.8223
2023-10-12,24.94,29.48,21.66,0.01,65.35,3.69,4.6469
2023-10-13,25.59,30.5,22.3,0.02,63.63,3.12,5.0909
2023-10-14,24.93,29.25,21.72,0.11,58.45,2.44,3.4442
2023-10-15,24.19,28.78,20.48,0.01,61.61,3.42,4.5358
2023-10-16,24.18,28.67,20.91,0.06,66.48,3.64,3.888
2023-10-17,24.05,28.67,21.24,0.05,64.23,2.74,4.5266
2023-10-18,24.2,29.17,20.86,0.0,65.57,2.89,4.7909
2023-10-19,24.79,30.62,21.13,0.0,61.53,2.46,5.0261
2023-10-20,24.8,31.52,19.02,0.0,59.97,2.17,4.7849
2023-10-21,23.54,29.59,18.8,0.0,67.88,2.57,4.7477
2023-10-22,24.04,29.67,19.91,0.0,71.64,3.08,4.4066
2023-10-23,24.25,30.07,20.56,0.0,71.95,3.12,4.7225
2023-10-24,24.27,30.6,20.25,0.0,72.36,3.27,4.7935
2023-10-25,25.65,33.08,20.04,0.0,68.82,3.04,4.6349
2023-10-26,25.84,33.58,21.46,0.0,74.32,2.48,3.8832
2023-10-27,25.51,32.01,21.36,0.0,61.68,1.81,4.5574
2023-10-28,25.03,33.0,18.32,0.01,66.7,2.27,4.5031
2023-10-29,25.08,30.5,20.99,0.01,73.0,3.51,4.4122
2023-10-30,25.72,31.28,22.49,0.12,76.15,3.99,4.0985
2023-10-31,25.16,30.13,21.99,0.26,76.06,3.31,3.6658
2023-11-01,24.66,29.66,21.37,0.01,72.37,3.16,4.139
2023-11-02,23.79,29.47,20.27,0.0,66.99,2.06,4.3848
2023-11-03,24.88,31.83,19.49,0.0,59.75,1.52,4.3822
2023-11-04,24.54,33.41,18.09,0.0,63.44,1.81,4.3822
2023-11-05,24.13,32.69,17.86,0.0,65.3,1.79,4.1988
2023-11-06,23.71,32.23,17.19,0.0,68.24,2.31,4.4136
2023-11-07,23.5,29.14,20.3,0.0,75.25,2.33,3.9708
2023-11-08,22.91,28.18,19.67,0.01,73.06,2.68,3.9204
2023-11-09,22.35,27.3,19.04,0.0,72.21,2.58,3.4154
2023-11-10,22.62,27.66,19.59,0.0,70.7,2.79,3.6835
2023-11-11,22.41,26.2,19.31,0.07,77.35,1.91,3.5839
2023-11-12,23.97,29.54,20.14,0.09,74.28,2.15,3.6379
2023-11-13,23.51,28.63,20.58,0.13,73.79,2.33,3.5556
2023-11-14,22.88,25.85,20.49,0.16,66.02,5.14,3.5621
2023-11-15,22.74,26.92,20.09,0.04,63.66,3.24,3.9919
2023-11-16,22.67,27.29,18.64,0.05,71.51,2.62,3.0146
2023-11-17,22.98,27.67,20.37,0.16,67.58,2.1,3.5405
2023-11-18,22.6,26.68,18.72,0.22,63.52,3.78,3.5597
2023-11-19,21.01,23.51,18.65,1.98,59.38,7.12,2.1482
2023-11-20,19.97,21.97,18.06,0.29,55.99,4.39,2.6009
2023-11-21,21.04,25.44,18.08,0.03,55.23,1.44,3.6223
2023-11-22,20.09,26.57,16.13,0.07,63.66,2.8,3.7639
2023-11-23,20.04,26.26,15.34,0.0,52.35,0.98,3.7622
2023-11-24,20.29,26.23,15.78,0.0,53.0,2.18,3.5952
2023-11-25,19.72,25.82,14.75,0.0,43.47,5.01,2.5296
2023-11-26,19.21,23.52,14.53,0.33,52.67,6.92,2.5771
2023-11-27,19.25,21.53,17.76,0.32,51.5,5.14,2.3122
2023-11-28,18.74,22.36,14.83,0.02,45.74,1.01,3.0967
2023-11-29,17.52,23.56,12.6,0.0,63.21,1.83,3.4308
2023-11-30,19.16,25.08,13.82,0.01,70.44,1.85,3.0283
2023-12-01,20.91,26.94,16.71,0.06,75.95,2.72,3.4142
2023-12-02,18.58,24.24,14.85,0.0,78.4,2.81,3.5494
2023-12-03,19.65,25.17,15.15,0.0,77.25,2.76,2.7161
2023-12-04,20.37,25.62,17.03,0.0,79.26,1.92,3.1834
2023-12-05,19.79,24.11,16.97,0.0,74.47,1.87,3.095
2023-12-06,18.86,23.21,16.24,0.0,68.43,3.33,3.2107
2023-12-07,17.18,20.91,14.91,0.0,66.79,2.68,1.9829
2023-12-08,16.98,20.49,14.75,0.01,61.51,2.93,1.9526
2023-12-09,18.52,22.95,15.78,0.0,63.29,3.66,2.6114
2023-12-10,17.51,23.4,11.78,0.0,56.04,2.13,3.2026
2023-12-11,17.87,23.79,13.43,0.0,52.17,2.48,3.301
2023-12-12,17.28,21.23,13.7,9.52,72.65,2.99,2.7658
2023-12-13,18.38,21.66,16.3,12.51,80.56,3.29,2.3045
2023-12-14,18.72,22.92,15.61,4.7,74.3,1.87,2.975
2023-12-15,19.29,25.02,14.42,0.03,65.35,1.88,3.2791
2023-12-16,18.67,24.53,14.27,0.31,63.04,2.19,3.3223
2023-12-17,18.73,23.33,15.63,0.0,73.51,2.6,2.3652
2023-12-18,18.85,22.84,16.12,0.0,74.85,3.56,3.0902
2023-12-19,18.72,23.58,14.24,0.0,73.0,3.12,2.9887
2023-12-20,16.63,19.71,13.76,0.0,74.11,1.54,1.2871
2023-12-21,16.19,20.83,13.5,0.0,67.05,4.65,2.9904
2023-12-22,16.16,20.46,12.19,0.17,71.23,5.61,2.4041
2023-12-23,17.49,21.62,13.74,0.22,75.77,5.2,2.1521
2023-12-24,18.01,21.85,15.6,0.31,79.45,3.04,2.3309
2023-12-25,17.8,22.52,14.86,0.01,79.33,1.96,3.0233
2023-12-26,17.88,22.3,15.31,0.02,77.03,2.25,2.6971
2023-12-27,17.85,22.12,15.31,0.45,74.25,3.21,2.0143
2023-12-28,17.61,21.91,15.07,1.9,79.01,3.26,2.9981
2023-12-29,17.2,22.01,14.11,0.05,79.89,3.02,3.1829
2023-12-30,17.76,22.07,15.23,1.45,76.76,2.3,2.923
2023-12-31,16.8,20.61,14.34,1.64,78.54,2.32,2.723
2024-01-01,16.82,20.76,14.14,0.02,74.9,1.66,1.567
2024-01-02,17.41,22.01,14.35,0.0,75.52,2.99,3.1344
2024-01-03,16.47,20.74,14.11,0.0,73.72,2.25,3.1471
2024-01-04,16.56,21.43,13.14,0.0,70.43,2.46,3.4536
2024-01-05,16.33,21.62,11.85,0.0,75.44,2.48,2.5495
2024-01-06,18.15,22.93,14.84,0.02,73.35,1.22,3.1294
2024-01-07,16.51,23.46,11.69,0.03,61.66,2.85,3.5981
2024-01-08,15.09,20.8,11.68,0.0,58.98,2.81,3.1322
2024-01-09,13.85,19.16,9.6,0.0,56.72,4.04,3.492
2024-01-10,15.31,19.86,11.34,0.1,67.69,4.72,2.8092
2024-01-11,15.85,18.43,13.78,0.75,67.88,3.85,2.299
2024-01-12,15.49,18.56,13.08,0.21,62.59,4.22,3.1207
2024-01-13,14.38,18.94,9.89,3.21,67.38,4.93,2.4
2024-01-14,14.67,17.15,12.79,1.44,70.95,2.97,2.8111
2024-01-15,14.26,19.16,10.85,0.06,66.45,3.2,3.5179
2024-01-16,13.59,19.1,9.31,0.0,60.21,3.54,3.5921
2024-01-17,14.99,20.74,10.93,0.0,58.29,2.87,3.6391
2024-01-18,16.46,22.19,12.88,0.0,80.51,1.38,3.5088
2024-01-19,15.79,22.48,10.37,0.0,70.43,2.18,3.6622
2024-01-20,16.21,23.38,10.83,0.0,52.96,3.14,3.1411
2024-01-21,17.52,25.7,12.63,0.0,44.16,3.58,3.4087
2024-01-22,17.17,21.4,13.78,0.85,74.95,5.07,2.7898
2024-01-23,16.34,19.3,14.42,1.62,67.07,3.98,2.3028
2024-01-24,15.27,17.89,13.31,1.37,67.82,3.43,2.4982
2024-01-25,15.74,18.93,13.51,1.47,66.47,3.38,2.4917
2024-01-26,15.76,18.74,13.31,3.19,70.22,4.79,2.9458
2024-01-27,15.32,18.7,13.11,0.91,64.08,3.81,3.1469
2024-01-28,14.41,16.0,13.38,4.63,70.35,1.88,2.0959
2024-01-29,13.46,15.09,11.51,4.4,68.13,4.11,2.1089
2024-01-30,12.91,15.82,10.27,1.99,60.79,5.45,3.0499
2024-01-31,10.54,14.63,7.64,1.95,73.13,3.89,2.2896
2024-02-01,13.55,18.02,8.96,1.7,68.05,3.52,3.2954
2024-02-02,14.7,18.34,11.98,2.46,68.06,3.26,2.8301
2024-02-03,13.71,18.46,9.94,0.2,65.98,3.22,2.4113
2024-02-04,13.91,17.69,11.33,0.58,72.58,2.27,3.3046
2024-02-05,14.05,18.39,10.27,0.15,76.86,3.25,3.053
2024-02-06,15.46,20.98,11.71,0.02,77.37,2.68,4.2346
2024-02-07,15.61,21.38,11.74,0.08,77.62,1.7,3.9761
2024-02-08,14.42,20.85,9.01,0.03,72.89,1.93,3.9166
2024-02-09,15.64,21.29,11.69,0.0,65.19,2.28,4.7801
2024-02-10,16.18,21.48,12.93,0.04,73.04,1.93,4.5775
2024-02-11,15.69,22.05,10.41,0.04,74.12,2.23,4.1914
2024-02-12,16.38,23.62,10.8,0.03,61.41,2.71,2.711
2024-02-13,16.15,20.84,12.99,0.4,65.52,4.08,3.9098
2024-02-14,14.9,18.82,12.16,1.04,72.23,3.3,2.8318
2024-02-15,13.42,15.57,11.39,5.25,80.43,3.36,2.2385
2024-02-16,15.17,18.19,12.47,0.88,69.44,4.81,3.252
2024-02-17,15.53,19.58,12.58,0.9,72.82,3.55,3.2818
2024-02-18,15.3,18.86,11.68,0.22,73.1,2.92,3.2294
2024-02-19,15.69,19.36,13.06,0.03,65.32,3.57,4.1671
2024-02-20,15.22,19.46,12.56,0.0,65.91,2.28,4.1386
2024-02-21,15.05,20.28,11.86,0.0,69.93,2.28,4.9632
2024-02-22,15.16,21.1,11.08,0.0,72.29,2.77,5.1408
2024-02-23,14.84,18.88,11.85,0.0,75.42,2.32,3.1262
2024-02-24,16.16,22.63,12.3,0.0,77.15,2.68,5.1192
2024-02-25,15.94,23.1,10.46,0.0,68.93,1.78,5.4302
2024-02-26,16.16,24.47,10.05,0.0,65.1,3.92,4.3778
2024-02-27,16.04,20.78,13.15,0.0,75.23,3.2,4.3262
2024-02-28,16.86,23.86,11.3,0.0,71.02,3.02,5.1835
2024-02-29,18.06,26.87,10.89,0.0,62.26,3.8,5.4665
2024-03-01,19.69,28.82,11.65,0.0,56.67,2.58,4.5168
2024-03-02,17.63,22.36,14.14,0.0,67.86,4.73,5.3974
2024-03-03,16.39,21.28,13.14,0.0,73.72,3.34,4.8341
2024-03-04,16.25,22.01,12.14,0.0,68.24,1.87,5.742
2024-03-05,17.2,26.17,10.05,0.0,68.36,2.95,5.3107
2024-03-06,16.52,21.3,12.95,0.0,70.0,3.97,4.878
2024-03-07,16.14,21.09,12.5,0.0,71.56,2.94,5.6575
2024-03-08,16.04,21.22,12.66,0.0,66.56,2.3,5.863
2024-03-09,15.86,21.47,12.28,0.0,67.19,2.07,5.6371
2024-03-10,15.42,21.11,11.1,0.0,70.37,3.07,6.0154
2024-03-11,16.7,24.0,11.0,0.0,66.71,2.91,6.1044
2024-03-12,17.42,25.83,10.52,0.02,70.85,2.8,5.981
2024-03-13,17.46,24.05,13.28,0.01,71.66,2.54,5.7065
2024-03-14,16.41,21.96,12.87,0.0,66.73,2.42,6.1966
2024-03-15,16.29,21.9,12.79,0.0,66.98,2.28,6.2371
2024-03-16,16.15,21.9,12.27,0.0,65.5,2.02,2.6131
2024-03-17,16.74,22.44,12.21,0.02,70.11,3.77,3.7874
2024-03-18,16.27,20.12,13.79,4.16,67.29,4.64,3.5762
2024-03-19,16.95,20.88,13.61,0.49,65.81,4.67,5.7581
2024-03-20,17.63,24.09,11.41,0.04,59.59,3.17,6.3761
2024-03-21,16.73,21.68,13.11,0.21,63.97,4.41,5.8834
2024-03-22,15.37,20.2,11.67,0.0,58.57,3.65,6.0022
2024-03-23,15.92,21.29,12.21,0.06,58.24,1.87,4.8386
2024-03-24,15.12,19.4,12.28,3.02,67.88,3.27,5.9318
2024-03-25,16.21,21.58,11.27,0.0,59.31,2.95,6.2431
2024-03-26,19.39,26.21,12.54,0.0,42.97,3.06,6.0396
2024-03-27,22.51,30.61,14.23,0.0,34.26,1.95,5.988
2024-03-28,20.27,27.95,14.77,0.58,50.82,3.64,3.0898
2024-03-29,18.98,23.56,15.56,0.2,79.34,3.08,5.4871
2024-03-30,20.03,27.83,14.07,0.12,71.58,2.81,6.4483
2024-03-31,22.44,31.06,15.23,0.05,65.01,3.27,6.1349
2024-04-01,22.28,30.32,16.37,0.0,66.33,3.78,6.5897
2024-04-02,20.75,28.27,15.5,0.0,67.77,3.6,6.8921
2024-04-03,20.96,29.37,14.11,0.0,64.24,2.55,7.032
2024-04-04,21.36,30.1,15.11,0.0,64.25,2.41,6.7476
2024-04-05,19.33,25.55,15.35,0.0,68.53,3.52,6.6641
2024-04-06,19.2,24.71,14.53,0.0,65.42,4.43,7.055
2024-04-07,19.44,24.57,15.13,0.02,65.8,4.78,6.8573
2024-04-08,18.54,22.68,15.38,2.12,72.99,4.05,3.5172
2024-04-09,18.74,22.93,15.09,0.12,64.72,4.1,6.8251
2024-04-10,18.99,24.64,14.23,0.0,66.13,3.08,7.0037
2024-04-11,19.86,26.58,15.01,0.0,66.26,2.48,7.1158
2024-04-12,19.74,26.26,14.51,0.1,70.38,2.99,6.5482
2024-04-13,20.39,26.99,15.25,0.11,70.95,3.52,6.8755
2024-04-14,20.29,26.04,15.47,0.18,75.53,4.12,7.0896
2024-04-15,21.38,28.15,16.04,0.24,66.42,3.62,7.2679
2024-04-16,22.98,31.18,15.35,0.03,57.24,2.81,6.7675
2024-04-17,25.16,35.15,16.51,0.0,50.94,4.55,6.1502
2024-04-18,21.69,27.2,16.82,0.0,66.97,3.85,6.0398
2024-04-19,20.29,26.45,15.29,0.0,63.46,2.34,7.1635
2024-04-20,20.3,27.22,15.85,0.0,63.18,4.09,6.5306
2024-04-21,20.1,26.6,15.69,0.0,60.39,2.55,7.6279
2024-04-22,23.45,33.29,14.53,0.0,49.8,3.42,6.9583
2024-04-23,26.78,36.53,17.04,0.0,41.81,4.42,6.5554
2024-04-24,27.3,38.86,19.91,0.0,40.6,4.05,5.5966
2024-04-25,22.11,26.11,18.66,0.0,67.22,4.36,4.321
2024-04-26,20.61,25.52,17.39,0.0,65.36,4.57,6.2215
2024-04-27,20.06,25.28,16.28,0.0,65.38,4.17,7.4326
2024-04-28,20.28,26.98,14.72,0.0,65.23,3.73,7.6294
2024-04-29,19.96,26.0,14.73,0.0,67.74,4.0,7.2924
2024-04-30,21.0,26.61,16.64,0.0,69.6,4.68,5.5781
2024-05-01,21.0,26.94,16.37,0.0,68.83,3.92,7.2749
2024-05-02,21.63,27.54,16.72,0.0,65.15,3.07,6.2184
2024-05-03,21.85,27.36,17.71,0.0,69.04,3.79,7.7851
2024-05-04,20.67,26.37,16.25,0.0,71.89,4.23,7.4506
2024-05-05,19.89,24.16,16.05,0.0,66.01,4.88,6.817
2024-05-06,20.62,25.11,16.57,0.0,60.19,4.26,7.6416
2024-05-07,20.11,26.25,14.89,0.0,56.75,3.0,8.2817
2024-05-08,21.55,29.77,13.73,0.0,50.02,2.71,8.1228
2024-05-09,24.68,34.31,15.8,0.0,46.53,2.7,7.1702
2024-05-10,22.7,26.9,18.79,0.0,54.9,3.84,6.1207
2024-05-11,21.67,26.69,17.43,0.0,65.65,3.89,7.435
2024-05-12,20.92,25.7,16.68,0.0,68.52,4.06,7.4786
2024-05-13,20.6,24.96,16.96,0.0,59.92,4.67,8.0414
2024-05-14,21.1,26.5,16.41,0.0,60.91,3.83,8.0938
2024-05-15,21.98,28.15,16.56,0.0,54.51,2.83,8.0935
2024-05-16,24.43,32.96,16.14,0.0,45.09,2.43,7.7635
2024-05-17,27.77,36.72,18.54,0.0,33.81,2.25,7.2014
2024-05-18,28.92,37.71,22.33,0.0,32.39,2.13,6.7937
2024-05-19,28.83,37.27,22.14,0.0,39.43,1.65,6.659
2024-05-20,28.21,36.22,21.71,0.0,40.93,3.7,6.7817
2024-05-21,27.47,35.45,20.85,0.0,52.16,2.01,6.7956
2024-05-22,28.86,37.19,21.35,0.0,42.41,1.77,6.8789
2024-05-23,25.91,31.57,20.45,0.0,52.88,3.63,5.8202
2024-05-24,23.97,29.55,19.18,0.0,59.74,4.15,8.3167
2024-05-25,24.11,29.57,19.01,0.0,57.97,3.86,8.1653
2024-05-26,28.34,35.89,19.42,0.0,39.31,1.94,7.1671
2024-05-27,24.43,27.97,20.14,0.0,57.83,5.65,8.0472
2024-05-28,23.23,28.47,18.98,0.0,60.94,3.34,7.992
2024-05-29,22.73,28.17,18.4,0.0,61.99,2.9,8.123
2024-05-30,23.39,29.26,18.43,0.0,52.25,2.65,8.3335
2024-05-31,27.45,35.52,18.28,0.0,40.31,2.71,7.9469
2024-06-01,29.58,37.19,22.15,0.0,30.68,2.85,7.7438
2024-06-02,28.6,36.48,22.04,0.0,40.4,2.86,8.1034
2024-06-03,26.89,34.01,20.38,0.0,56.28,3.52,8.3381
2024-06-04,27.22,35.72,20.07,0.0,59.08,3.37,8.2536
2024-06-05,28.59,36.9,21.15,0.0,58.52,3.31,8.2788
2024-06-06,29.61,38.91,22.36,0.0,61.44,3.64,8.0515
2024-06-07,29.73,39.8,22.96,0.0,62.84,3.44,7.9399
2024-06-08,27.14,33.16,23.05,0.0,64.22,4.52,7.5374
2024-06-09,26.75,32.24,22.09,0.0,65.78,4.71,8.1749
2024-06-10,27.06,33.59,21.67,0.0,62.31,3.25,8.2464
2024-06-11,27.4,34.81,20.95,0.0,55.76,2.62,8.3954
2024-06-12,28.68,36.76,21.72,0.0,55.56,2.91,8.2666
2024-06-13,30.98,40.51,22.89,0.0,57.21,3.29,8.0537
2024-06-14,31.88,41.53,23.94,0.0,59.45,3.31,7.8751
2024-06-15,30.01,38.0,24.37,0.0,60.62,4.09,7.5665
2024-06-16,27.86,34.0,23.24,0.0,61.21,3.62,8.347
2024-06-17,27.13,32.62,21.88,0.0,62.01,3.74,8.083
2024-06-18,27.43,33.44,22.59,0.0,64.6,3.81,8.2229
2024-06-19,27.76,34.36,22.19,0.0,60.51,3.46,8.1626
2024-06-20,28.07,34.53,22.27,0.11,64.09,3.05,7.6534
2024-06-21,28.93,34.85,23.34,0.06,62.71,3.4,8.0297
2024-06-22,29.29,35.16,24.15,0.1,59.58,4.11,7.9272
2024-06-23,29.42,36.25,23.95,0.02,61.19,3.32,8.2111
2024-06-24,29.33,36.69,23.01,0.04,55.97,2.72,8.1898
2024-06-25,28.18,34.71,22.6,0.0,60.98,3.12,8.377
2024-06-26,27.69,33.98,22.7,0.0,64.23,3.84,8.2262
2024-06-27,28.72,36.16,23.06,0.0,63.2,3.55,8.2882
2024-06-28,28.31,35.15,22.65,0.0,62.83,4.24,7.6075
2024-06-29,27.73,32.82,23.58,0.0,63.04,4.25,7.956
2024-06-30,28.44,33.32,24.43,0.0,63.47,4.56,7.2547
2024-07-01,28.82,34.5,24.42,0.0,58.91,4.34,8.1197
2024-07-02,28.39,34.9,23.19,0.0,54.17,3.35,8.3306
2024-07-03,29.46,37.67,22.11,0.0,49.17,2.28,7.5182
2024-07-04,29.28,36.72,23.88,0.0,59.13,2.87,7.3865
2024-07-05,28.03,33.55,23.91,0.0,60.36,3.35,7.3591
2024-07-06,27.59,31.99,24.19,0.0,64.01,4.36,7.5958
2024-07-07,28.6,33.77,24.41,0.0,59.37,4.76,8.0582
2024-07-08,29.27,34.81,24.65,0.0,63.02,4.12,7.8866
2024-07-09,30.01,36.39,24.66,0.0,64.75,3.47,7.8022
2024-07-10,30.4,37.39,24.35,0.0,61.97,2.61,7.4232
2024-07-11,30.9,37.59,25.68,0.0,57.05,2.7,7.3075
2024-07-12,30.9,38.11,25.61,0.0,55.9,2.85,7.344
2024-07-13,30.0,35.63,24.7,0.0,56.65,3.5,7.878
2024-07-14,29.61,34.63,25.62,0.0,62.28,4.68,7.8005
2024-07-15,29.57,35.04,25.39,0.0,61.76,4.17,7.9042
2024-07-16,28.8,34.54,24.31,0.0,60.88,3.4,7.9764
2024-07-17,28.75,34.69,24.2,0.0,62.8,2.95,7.47
2024-07-18,28.58,35.16,23.4,0.0,61.42,2.9,8.0124
2024-07-19,29.64,36.37,23.98,0.0,60.13,2.96,8.0268
2024-07-20,30.32,36.79,24.59,0.0,63.39,3.3,7.5977
2024-07-21,30.46,36.72,25.5,0.0,67.0,3.59,7.5576
2024-07-22,30.92,37.44,25.03,0.0,61.57,3.08,7.6946
2024-07-23,29.97,36.29,25.22,0.0,66.12,3.95,7.2288
2024-07-24,30.04,36.45,24.93,0.0,63.22,3.36,7.5888
2024-07-25,30.64,37.62,25.68,0.0,59.94,3.13,7.3656
2024-07-26,29.6,34.47,25.89,0.0,57.76,4.62,7.5535
2024-07-27,29.18,34.27,25.63,0.0,59.05,4.33,7.0433
2024-07-28,29.88,36.92,24.81,0.0,62.19,2.89,7.0469
2024-07-29,29.36,35.36,24.48,0.0,58.13,3.45,7.8442
2024-07-30,29.46,34.91,24.87,0.0,60.77,3.92,7.5874
2024-07-31,29.71,35.78,24.93,0.0,60.02,3.48,7.4186
2024-08-01,29.08,34.75,24.93,0.0,62.14,3.62,7.0255
2024-08-02,29.05,35.37,24.31,0.0,56.95,3.09,7.758
2024-08-03,28.57,34.49,23.57,0.0,58.01,2.89,7.7395
2024-08-04,28.69,34.79,24.19,0.0,57.61,2.76,7.9973
2024-08-05,28.56,35.38,23.49,0.0,60.33,2.45,7.7897
2024-08-06,29.35,35.88,23.78,0.0,64.75,3.02,6.8678
2024-08-07,29.73,35.96,25.0,0.0,61.13,3.28,7.7206
2024-08-08,29.56,35.85,24.43,0.0,58.71,3.07,7.631
2024-08-09,30.21,36.84,24.9,0.0,56.43,2.87,7.3562
2024-08-10,29.63,35.68,24.61,0.0,60.37,3.41,7.4964
2024-08-11,29.34,34.96,25.11,0.0,60.21,4.15,7.4846
2024-08-12,29.01,34.97,24.9,0.0,56.83,3.13,7.5101
2024-08-13,28.38,33.84,24.22,0.0,61.03,2.83,7.2571
2024-08-14,29.59,35.49,25.49,0.0,62.41,3.58,7.3368
2024-08-15,29.66,36.42,24.32,0.0,61.95,3.35,7.5487
2024-08-16,29.55,35.26,24.53,0.0,67.66,4.66,6.9708
2024-08-17,29.88,35.61,25.49,0.0,61.74,4.48,7.343
2024-08-18,29.15,35.17,24.48,0.0,61.82,3.23,7.2403
2024-08-19,29.44,36.28,24.51,0.0,59.31,2.77,7.3171
2024-08-20,30.0,37.5,24.32,0.0,52.58,2.34,7.5612
2024-08-21,30.12,37.43,24.68,0.0,54.23,2.82,7.1258
2024-08-22,29.21,35.13,24.97,0.0,66.62,3.18,6.5827
2024-08-23,29.38,34.84,25.5,0.0,62.17,2.79,6.9526
2024-08-24,29.58,34.68,25.56,0.0,62.27,3.78,6.3564
2024-08-25,29.45,35.35,25.4,0.0,57.69,3.11,7.0716
2024-08-26,29.7,35.77,25.56,0.0,54.8,2.4,7.0188
2024-08-27,29.39,35.37,25.02,0.0,55.43,2.52,6.9979
2024-08-28,29.45,35.57,24.83,0.0,56.9,2.84,7.0138
2024-08-29,29.3,35.3,24.57,0.0,59.49,2.9,6.7637
2024-08-30,29.66,35.66,25.02,0.0,56.52,3.04,6.2376
2024-08-31,28.74,33.43,24.78,0.0,61.76,3.23,6.6809
2024-09-01,29.03,34.54,24.74,0.0,60.71,3.04,6.4754
2024-09-02,29.77,35.69,25.04,0.0,57.14,2.51,6.1469
2024-09-03,29.04,34.6,25.4,0.0,59.71,2.72,6.5719
2024-09-04,28.38,33.31,24.53,0.0,61.88,3.29,6.2566
2024-09-05,28.84,33.44,24.89,0.0,58.94,3.63,6.1939
2024-09-06,28.83,33.96,24.94,0.0,61.24,3.2,6.1735
2024-09-07,29.24,35.24,24.81,0.0,63.34,3.27,6.3223
2024-09-08,29.07,34.65,24.71,0.0,61.13,3.75,6.3314
2024-09-09,28.25,33.76,24.58,0.0,62.1,2.76,6.1812
2024-09-10,29.79,36.43,23.66,0.0,48.47,2.12,6.2928
2024-09-11,31.22,39.31,25.29,0.0,49.49,3.95,5.5812
2024-09-12,29.4,34.77,25.83,0.0,67.88,4.22,6.0871
2024-09-13,27.56,32.82,23.95,0.0,63.13,3.29,6.5638
2024-09-14,28.23,33.79,23.67,0.0,67.56,3.45,6.1658
2024-09-15,27.94,32.9,24.14,0.0,68.21,3.96,5.8747
2024-09-16,27.69,32.13,24.57,0.0,58.57,3.79,5.9784
2024-09-17,27.55,32.76,24.02,0.0,56.33,2.69,6.1123
2024-09-18,27.37,33.08,23.74,0.0,58.57,2.04,6.0926
2024-09-19,29.34,36.0,23.15,0.0,50.08,1.76,5.5608
2024-09-20,29.04,35.22,25.59,0.0,53.63,3.26,5.5332
2024-09-21,27.23,32.09,24.29,0.0,59.33,3.27,5.5159
2024-09-22,26.76,30.75,23.78,0.0,59.65,3.9,5.7382
2024-09-23,26.23,30.55,22.58,0.0,54.72,3.5,5.8668
2024-09-24,25.44,31.28,21.46,0.0,58.35,3.0,5.8483
2024-09-25,25.35,30.91,21.61,0.0,60.49,3.5,5.8447
2024-09-26,25.37,31.01,21.08,0.0,63.53,3.29,5.9798
2024-09-27,26.02,32.06,21.82,0.0,62.27,3.03,5.9434
2024-09-28,25.92,32.13,21.75,0.0,63.38,2.69,5.875
2024-09-29,25.56,30.85,21.73,0.0,69.77,3.35,5.861
2024-09-30,26.44,31.83,22.49,0.0,67.32,3.99,5.4571
2024-10-01,25.69,30.28,21.99,0.0,59.86,3.87,4.7945
2024-10-02,24.24,29.07,20.69,0.0,60.19,2.88,5.7682
2024-10-03,24.45,29.85,21.02,0.0,58.74,2.6,5.693
2024-10-04,23.46,29.03,19.9,0.0,61.6,2.84,5.5711
2024-10-05,23.3,29.39,19.48,0.0,63.76,2.56,5.3374
2024-10-06,24.05,30.39,19.59,0.0,66.39,2.29,5.6107
2024-10-07,25.79,32.75,20.27,0.0,62.42,1.9,5.3743
2024-10-08,26.36,34.61,20.73,0.0,62.46,1.89,5.4043
2024-10-09,26.29,33.02,21.83,0.0,66.88,2.65,5.2306
2024-10-10,25.18,31.03,21.79,0.0,70.37,2.1,5.1379
2024-10-11,25.74,33.05,20.81,0.0,67.23,1.79,5.1336
2024-10-12,25.63,32.53,20.37,0.0,68.48,1.81,4.973
2024-10-13,25.89,33.18,20.62,0.0,70.19,2.08,4.872
2024-10-14,25.35,29.74,22.85,0.0,70.31,3.1,5.0107
2024-10-15,24.89,29.68,21.62,0.0,59.75,2.9,4.7585
2024-10-16,24.28,28.96,20.81,0.0,66.81,2.84,4.4818
2024-10-17,25.12,29.83,22.06,0.0,64.35,3.71,4.8698
2024-10-18,24.81,29.78,21.64,0.0,61.88,3.65,4.5766
2024-10-19,24.14,29.61,20.31,0.0,55.13,2.93,4.9822
2024-10-20,23.77,29.73,19.32,0.0,61.32,3.43,4.482
2024-10-21,24.29,29.05,21.37,0.0,59.4,4.59,4.7186
2024-10-22,23.33,27.98,19.43,0.0,52.19,4.21,4.7062
2024-10-23,23.18,27.44,20.21,0.0,50.72,5.22,4.3886
2024-10-24,22.93,27.84,19.53,0.0,49.2,4.91,4.5564
2024-10-25,22.4,27.39,18.89,0.0,57.07,4.32,4.6582
2024-10-26,22.55,27.44,19.29,0.0,59.19,3.78,4.6562
2024-10-27,23.05,28.62,19.24,0.0,59.45,3.76,4.6855
2024-10-28,22.27,27.57,18.84,0.01,67.54,3.7,4.5521
2024-10-29,21.45,25.6,19.11,0.03,63.98,3.24,4.393
2024-10-30,21.68,26.92,18.68,0.01,60.0,2.41,4.2948
2024-10-31,21.54,26.5,18.06,0.01,62.28,2.78,4.4683
2024-11-01,21.53,25.51,19.24,0.4,65.69,2.85,3.9766
2024-11-02,21.1,25.35,17.83,0.28,64.25,2.24,3.869
2024-11-03,21.35,26.32,17.48,0.15,61.87,2.11,4.0704
2024-11-04,21.56,26.19,18.68,0.04,64.77,3.33,4.0291
2024-11-05,20.79,24.97,17.9,0.24,64.03,2.49,4.056
2024-11-06,21.64,27.19,17.31,0.02,64.35,2.74,4.1544
2024-11-07,22.62,27.7,19.5,0.05,64.86,4.12,4.1232
2024-11-08,21.43,25.56,18.84,0.11,67.57,3.81,3.8666
2024-11-09,20.79,24.97,18.53,1.11,67.48,2.94,2.7792
2024-11-10,20.38,24.23,17.98,0.55,63.87,3.85,2.8078
2024-11-11,19.69,23.83,16.91,0.06,67.14,2.55,2.97
2024-11-12,19.95,25.18,16.73,0.0,68.15,2.54,3.9996
2024-11-13,20.03,25.71,16.15,0.0,69.83,3.21,4.0495
2024-11-14,21.15,26.82,17.38,0.0,74.65,3.02,3.9756
2024-11-15,21.03,26.78,17.16,0.0,69.03,3.03,4.0783
2024-11-16,21.04,26.66,17.1,0.0,58.23,2.39,3.9598
2024-11-17,19.96,24.2,16.71,0.12,65.92,4.01,2.7852
2024-11-18,19.72,23.23,17.3,1.01,68.76,3.58,2.8709
2024-11-19,20.03,23.93,17.61,0.71,71.67,3.15,3.4625
2024-11-20,19.82,24.47,17.18,0.2,74.13,2.43,3.2299
2024-11-21,19.75,25.7,14.35,0.03,63.82,2.73,3.1428
2024-11-22,20.77,27.8,16.07,0.0,63.75,1.73,3.5897
2024-11-23,20.37,26.75,15.69,0.0,69.0,1.97,3.5969
2024-11-24,18.47,20.39,16.41,0.4,62.48,6.11,2.6832
2024-11-25,17.0,19.52,15.43,0.39,55.09,4.65,2.4972
2024-11-26,16.91,19.68,14.69,0.15,52.48,3.55,2.3602
2024-11-27,17.8,21.22,15.12,0.68,61.75,2.57,3.0031
2024-11-28,18.58,22.77,15.48,0.12,65.42,2.73,3.5114
2024-11-29,18.29,22.37,15.37,0.02,64.16,2.68,3.2424
2024-11-30,17.99,23.34,14.66,0.0,66.4,2.26,3.5273
2024-12-01,17.56,23.3,13.07,0.01,70.87,1.84,3.3821
2024-12-02,17.72,22.8,14.84,0.0,68.04,1.34,3.3211
2024-12-03,17.0,22.05,12.0,0.0,71.61,3.21,3.097
2024-12-04,17.57,22.27,14.33,0.0,72.72,2.93,2.7226
2024-12-05,18.26,22.68,15.29,0.0,65.62,1.52,3.3341
2024-12-06,17.75,23.14,14.44,0.0,71.72,1.63,3.2112
2024-12-07,17.84,22.38,14.03,0.0,59.41,1.94,2.4312
2024-12-08,16.62,22.24,11.79,0.0,52.94,2.67,3.6067
2024-12-09,16.65,23.06,12.09,0.0,53.92,1.72,3.1284
2024-12-10,16.31,22.12,12.15,0.0,79.62,1.99,3.0905
2024-12-11,17.93,22.88,14.64,0.0,81.68,2.38,2.3983
2024-12-12,17.55,20.36,15.58,0.01,79.42,2.57,1.8756
2024-12-13,17.57,21.71,14.16,0.0,65.23,4.47,3.1219
2024-12-14,17.68,21.88,13.93,0.0,57.0,3.55,3.2189
2024-12-15,15.88,21.55,11.85,0.0,65.27,1.96,3.3598
2024-12-16,16.33,21.51,12.9,0.0,74.32,1.78,3.2666
2024-12-17,16.49,20.55,12.86,0.16,72.66,2.91,2.8502
2024-12-18,16.26,21.29,12.21,0.02,70.93,2.61,3.3115
2024-12-19,16.14,20.45,13.25,5.06,77.66,3.35,1.7719
2024-12-20,17.25,21.23,14.75,0.41,74.96,3.82,3.2782
2024-12-21,16.35,21.15,13.17,0.02,66.27,3.66,3.3809
2024-12-22,16.3,20.91,12.37,0.0,67.68,2.42,2.7967
2024-12-23,15.67,19.23,13.14,0.0,68.41,4.37,2.7586
2024-12-24,14.56,20.09,10.49,0.0,58.6,4.55,3.413
2024-12-25,13.54,18.3,10.32,0.0,50.4,5.08,2.8049
2024-12-26,12.66,17.32,9.04,0.0,63.39,4.35,2.8627
2024-12-27,12.76,16.4,8.43,0.43,65.84,5.56,1.8826
2024-12-28,13.88,18.48,9.02,1.19,75.31,3.66,2.2946
2024-12-29,14.39,17.93,11.19,1.1,73.71,3.91,2.3633
2024-12-30,14.7,18.09,12.34,0.38,67.71,3.83,2.8006
2024-12-31,15.14,19.0,12.56,0.17,66.85,3.86,2.9086
